{
  "trial_number": 2,
  "best_query_param": {
    "hnsw_ef_search": 100
  },
  "create_index_time": 8.318334579467773,
  "index_size": 0.02545166015625,
  "recall": 0.9996,
  "avg_query_time": 0.00350832462310791,
  "qps": 285.03633712040386,
  "score": 4.603040313720703,
  "normalized_metrics": {
    "create_index_time_s": 8.318334579467773,
    "index_size_mb": 0.02545166015625,
    "query_time_ms": 3.50832462310791,
    "avg_query_time_s": 0.00350832462310791,
    "qps": 285.03633712040386,
    "weighted_create_index_time": 2.495500373840332,
    "weighted_index_size": 0.002545166015625,
    "weighted_query_time": 2.104994773864746
  }
}