{
  "trial_number": 7,
  "best_query_param": {
    "hnsw_ef_search": 100
  },
  "create_index_time": 4.657293081283569,
  "index_size": 0.01570892333984375,
  "recall": 0.9992,
  "avg_query_time": 0.00330763578414917,
  "qps": 302.33074777827517,
  "score": 3.383340287208557,
  "normalized_metrics": {
    "create_index_time_s": 4.657293081283569,
    "index_size_mb": 0.01570892333984375,
    "query_time_ms": 3.30763578414917,
    "avg_query_time_s": 0.00330763578414917,
    "qps": 302.33074777827517,
    "weighted_create_index_time": 1.3971879243850707,
    "weighted_index_size": 0.001570892333984375,
    "weighted_query_time": 1.984581470489502
  }
}