{
  "trial_number": 1,
  "best_query_param": {
    "hnsw_ef_search": 200
  },
  "create_index_time": 1.5886213779449463,
  "index_size": 0.0046539306640625,
  "recall": 0.9067000000000002,
  "avg_query_time": 0.002737705707550049,
  "qps": 365.2693557390769,
  "score": 2.1196752309799196,
  "normalized_metrics": {
    "create_index_time_s": 1.5886213779449463,
    "index_size_mb": 0.0046539306640625,
    "query_time_ms": 2.737705707550049,
    "avg_query_time_s": 0.002737705707550049,
    "qps": 365.2693557390769,
    "weighted_create_index_time": 0.47658641338348384,
    "weighted_index_size": 0.00046539306640625,
    "weighted_query_time": 1.6426234245300293
  }
}