{
  "trial_number": 9,
  "best_query_param": {
    "hnsw_ef_search": 100
  },
  "create_index_time": 3.227281332015991,
  "index_size": 0.0194244384765625,
  "recall": 0.9994,
  "avg_query_time": 0.0028481054306030273,
  "qps": 351.110597681867,
  "score": 2.67899010181427,
  "normalized_metrics": {
    "create_index_time_s": 3.227281332015991,
    "index_size_mb": 0.0194244384765625,
    "query_time_ms": 2.8481054306030273,
    "avg_query_time_s": 0.0028481054306030273,
    "qps": 351.110597681867,
    "weighted_create_index_time": 0.9681843996047973,
    "weighted_index_size": 0.0019424438476562502,
    "weighted_query_time": 1.7088632583618164
  }
}