{
  "trial_number": 13,
  "best_query_param": {
    "hnsw_ef_search": 350
  },
  "create_index_time": 0.8884322643280029,
  "index_size": 0.0034332275390625,
  "recall": 0.9105,
  "avg_query_time": 0.003659536838531494,
  "qps": 273.2586237337296,
  "score": 2.4625951051712036,
  "normalized_metrics": {
    "create_index_time_s": 0.8884322643280029,
    "index_size_mb": 0.0034332275390625,
    "query_time_ms": 3.659536838531494,
    "avg_query_time_s": 0.003659536838531494,
    "qps": 273.2586237337296,
    "weighted_create_index_time": 0.2665296792984009,
    "weighted_index_size": 0.00034332275390625,
    "weighted_query_time": 2.1957221031188965
  }
}