{
  "trial_number": 12,
  "best_query_param": {
    "hnsw_ef_search": 167
  },
  "create_index_time": 0.5169339179992676,
  "index_size": 0.0034332275390625,
  "recall": 0.9095,
  "avg_query_time": 0.0022979116439819335,
  "qps": 435.17774176345233,
  "score": 1.5341704845428468,
  "normalized_metrics": {
    "create_index_time_s": 0.5169339179992676,
    "index_size_mb": 0.0034332275390625,
    "query_time_ms": 2.2979116439819336,
    "avg_query_time_s": 0.0022979116439819335,
    "qps": 435.17774176345233,
    "weighted_create_index_time": 0.15508017539978028,
    "weighted_index_size": 0.00034332275390625,
    "weighted_query_time": 1.3787469863891602
  }
}