{
  "trial_number": 11,
  "best_query_param": {
    "hnsw_ef_search": 146
  },
  "create_index_time": 0.5851452350616455,
  "index_size": 0.00374603271484375,
  "recall": 0.9079,
  "avg_query_time": 0.00224562406539917,
  "qps": 445.3105109657994,
  "score": 1.52329261302948,
  "normalized_metrics": {
    "create_index_time_s": 0.5851452350616455,
    "index_size_mb": 0.00374603271484375,
    "query_time_ms": 2.24562406539917,
    "avg_query_time_s": 0.00224562406539917,
    "qps": 445.3105109657994,
    "weighted_create_index_time": 0.17554357051849365,
    "weighted_index_size": 0.000374603271484375,
    "weighted_query_time": 1.347374439239502
  }
}