{
  "trial_number": 19,
  "best_query_param": {
    "hnsw_ef_search": 110
  },
  "create_index_time": 1.0514070987701416,
  "index_size": 0.005035400390625,
  "recall": 0.9069000000000002,
  "avg_query_time": 0.0025504612922668457,
  "qps": 392.08593481973674,
  "score": 1.8462024450302124,
  "normalized_metrics": {
    "create_index_time_s": 1.0514070987701416,
    "index_size_mb": 0.005035400390625,
    "query_time_ms": 2.5504612922668457,
    "avg_query_time_s": 0.0025504612922668457,
    "qps": 392.08593481973674,
    "weighted_create_index_time": 0.3154221296310425,
    "weighted_index_size": 0.0005035400390625,
    "weighted_query_time": 1.5302767753601074
  }
}