{
  "trial_number": 15,
  "best_query_param": {
    "hnsw_ef_search": 100
  },
  "create_index_time": 3.017374038696289,
  "index_size": 0.01305389404296875,
  "recall": 0.9990000000000001,
  "avg_query_time": 0.003143043518066406,
  "qps": 318.16295073610627,
  "score": 2.7923437118530274,
  "normalized_metrics": {
    "create_index_time_s": 3.017374038696289,
    "index_size_mb": 0.01305389404296875,
    "query_time_ms": 3.1430435180664062,
    "avg_query_time_s": 0.003143043518066406,
    "qps": 318.16295073610627,
    "weighted_create_index_time": 0.9052122116088867,
    "weighted_index_size": 0.0013053894042968752,
    "weighted_query_time": 1.8858261108398438
  }
}