{
  "trial_number": 16,
  "best_query_param": {
    "hnsw_ef_search": 100
  },
  "create_index_time": 3.343226671218872,
  "index_size": 0.0095977783203125,
  "recall": 0.9849,
  "avg_query_time": 0.003361053466796875,
  "qps": 297.52576383529305,
  "score": 3.020559859275818,
  "normalized_metrics": {
    "create_index_time_s": 3.343226671218872,
    "index_size_mb": 0.0095977783203125,
    "query_time_ms": 3.361053466796875,
    "avg_query_time_s": 0.003361053466796875,
    "qps": 297.52576383529305,
    "weighted_create_index_time": 1.0029680013656617,
    "weighted_index_size": 0.0009597778320312501,
    "weighted_query_time": 2.016632080078125
  }
}