{
  "trial_number": 0,
  "best_query_param": {
    "hnsw_ef_search": 100
  },
  "create_index_time": 1.0129413604736328,
  "index_size": 0.00598907470703125,
  "recall": 0.9695,
  "avg_query_time": 0.0023253798484802247,
  "qps": 430.0372692459514,
  "score": 1.6997092247009278,
  "normalized_metrics": {
    "create_index_time_s": 1.0129413604736328,
    "index_size_mb": 0.00598907470703125,
    "query_time_ms": 2.3253798484802246,
    "avg_query_time_s": 0.0023253798484802247,
    "qps": 430.0372692459514,
    "weighted_create_index_time": 0.30388240814208983,
    "weighted_index_size": 0.000598907470703125,
    "weighted_query_time": 1.3952279090881348
  }
}