{
  "trial_number": 15,
  "best_query_param": {
    "hnsw_ef_search": 110
  },
  "create_index_time": 1.0024068355560303,
  "index_size": 0.00501251220703125,
  "recall": 0.9065999999999999,
  "avg_query_time": 0.0026560759544372557,
  "qps": 376.495257347364,
  "score": 1.8948688745498656,
  "normalized_metrics": {
    "create_index_time_s": 1.0024068355560303,
    "index_size_mb": 0.00501251220703125,
    "query_time_ms": 2.656075954437256,
    "avg_query_time_s": 0.0026560759544372557,
    "qps": 376.495257347364,
    "weighted_create_index_time": 0.30072205066680907,
    "weighted_index_size": 0.000501251220703125,
    "weighted_query_time": 1.5936455726623535
  }
}