{
  "trial_number": 7,
  "best_query_param": {
    "hnsw_ef_search": 100
  },
  "create_index_time": 2.151684045791626,
  "index_size": 0.0152740478515625,
  "recall": 0.9982000000000001,
  "avg_query_time": 0.0032684803009033203,
  "qps": 305.9525858924794,
  "score": 2.6081207990646362,
  "normalized_metrics": {
    "create_index_time_s": 2.151684045791626,
    "index_size_mb": 0.0152740478515625,
    "query_time_ms": 3.2684803009033203,
    "avg_query_time_s": 0.0032684803009033203,
    "qps": 305.9525858924794,
    "weighted_create_index_time": 0.6455052137374878,
    "weighted_index_size": 0.0015274047851562501,
    "weighted_query_time": 1.9610881805419922
  }
}