{
  "trial_number": 8,
  "best_query_param": {
    "hnsw_ef_search": 100
  },
  "create_index_time": 3.0613484382629395,
  "index_size": 0.0112762451171875,
  "recall": 0.9981,
  "avg_query_time": 0.0033614659309387208,
  "qps": 297.4892563378563,
  "score": 2.936411714553833,
  "normalized_metrics": {
    "create_index_time_s": 3.0613484382629395,
    "index_size_mb": 0.0112762451171875,
    "query_time_ms": 3.3614659309387207,
    "avg_query_time_s": 0.0033614659309387208,
    "qps": 297.4892563378563,
    "weighted_create_index_time": 0.9184045314788818,
    "weighted_index_size": 0.00112762451171875,
    "weighted_query_time": 2.0168795585632324
  }
}