{
  "trial_number": 10,
  "best_query_param": {
    "hnsw_ef_search": 798
  },
  "create_index_time": 2.2142131328582764,
  "index_size": 0.0034332275390625,
  "recall": 0.9042999999999999,
  "avg_query_time": 0.007127327919006348,
  "qps": 140.305035963522,
  "score": 4.941004014015197,
  "normalized_metrics": {
    "create_index_time_s": 2.2142131328582764,
    "index_size_mb": 0.0034332275390625,
    "query_time_ms": 7.127327919006348,
    "avg_query_time_s": 0.007127327919006348,
    "qps": 140.305035963522,
    "weighted_create_index_time": 0.6642639398574829,
    "weighted_index_size": 0.00034332275390625,
    "weighted_query_time": 4.276396751403809
  }
}