{
  "trial_number": 3,
  "best_query_param": {
    "hnsw_ef_search": 100
  },
  "create_index_time": 4.9957215785980225,
  "index_size": 0.01953125,
  "recall": 0.9995,
  "avg_query_time": 0.003958148956298828,
  "qps": 252.64334693838214,
  "score": 3.8755589723587036,
  "normalized_metrics": {
    "create_index_time_s": 4.9957215785980225,
    "index_size_mb": 0.01953125,
    "query_time_ms": 3.958148956298828,
    "avg_query_time_s": 0.003958148956298828,
    "qps": 252.64334693838214,
    "weighted_create_index_time": 1.4987164735794067,
    "weighted_index_size": 0.001953125,
    "weighted_query_time": 2.374889373779297
  }
}