{
  "trial_number": 14,
  "best_query_param": {
    "hnsw_ef_search": 100
  },
  "create_index_time": 0.9822657108306885,
  "index_size": 0.00856781005859375,
  "recall": 0.9956,
  "avg_query_time": 0.002845413684844971,
  "qps": 351.44274638381233,
  "score": 2.0027847051620484,
  "normalized_metrics": {
    "create_index_time_s": 0.9822657108306885,
    "index_size_mb": 0.00856781005859375,
    "query_time_ms": 2.8454136848449707,
    "avg_query_time_s": 0.002845413684844971,
    "qps": 351.44274638381233,
    "weighted_create_index_time": 0.29467971324920655,
    "weighted_index_size": 0.0008567810058593751,
    "weighted_query_time": 1.7072482109069824
  }
}