{
  "trial_number": 17,
  "best_query_param": {
    "hnsw_ef_search": 382
  },
  "create_index_time": 0.9345769882202148,
  "index_size": 0.00344085693359375,
  "recall": 0.9107999999999999,
  "avg_query_time": 0.004216022491455078,
  "qps": 237.19038549409387,
  "score": 2.8103306770324705,
  "normalized_metrics": {
    "create_index_time_s": 0.9345769882202148,
    "index_size_mb": 0.00344085693359375,
    "query_time_ms": 4.216022491455078,
    "avg_query_time_s": 0.004216022491455078,
    "qps": 237.19038549409387,
    "weighted_create_index_time": 0.28037309646606445,
    "weighted_index_size": 0.000344085693359375,
    "weighted_query_time": 2.529613494873047
  }
}