{
  "trial_number": 1,
  "best_query_param": {
    "hnsw_ef_search": 100
  },
  "create_index_time": 2.3071014881134033,
  "index_size": 0.01274871826171875,
  "recall": 0.9992,
  "avg_query_time": 0.003685626983642578,
  "qps": 271.3242562088256,
  "score": 2.9047815084457396,
  "normalized_metrics": {
    "create_index_time_s": 2.3071014881134033,
    "index_size_mb": 0.01274871826171875,
    "query_time_ms": 3.685626983642578,
    "avg_query_time_s": 0.003685626983642578,
    "qps": 271.3242562088256,
    "weighted_create_index_time": 0.692130446434021,
    "weighted_index_size": 0.0012748718261718752,
    "weighted_query_time": 2.211376190185547
  }
}