{
  "trial_number": 4,
  "best_query_param": {
    "hnsw_ef_search": 100
  },
  "create_index_time": 7.887317657470703,
  "index_size": 0.01911163330078125,
  "recall": 0.9989,
  "avg_query_time": 0.00412602424621582,
  "qps": 242.3640629153232,
  "score": 4.843721008300781,
  "normalized_metrics": {
    "create_index_time_s": 7.887317657470703,
    "index_size_mb": 0.01911163330078125,
    "query_time_ms": 4.12602424621582,
    "avg_query_time_s": 0.00412602424621582,
    "qps": 242.3640629153232,
    "weighted_create_index_time": 2.366195297241211,
    "weighted_index_size": 0.001911163330078125,
    "weighted_query_time": 2.475614547729492
  }
}