{
  "trial_number": 13,
  "best_query_param": {
    "hnsw_ef_search": 100
  },
  "create_index_time": 2.7440645694732666,
  "index_size": 0.007720947265625,
  "recall": 0.9415999999999998,
  "avg_query_time": 0.0030440163612365724,
  "qps": 328.5133459643329,
  "score": 2.6504012823104857,
  "normalized_metrics": {
    "create_index_time_s": 2.7440645694732666,
    "index_size_mb": 0.007720947265625,
    "query_time_ms": 3.0440163612365723,
    "avg_query_time_s": 0.0030440163612365724,
    "qps": 328.5133459643329,
    "weighted_create_index_time": 0.8232193708419799,
    "weighted_index_size": 0.0007720947265625,
    "weighted_query_time": 1.8264098167419434
  }
}