{
  "trial_number": 9,
  "best_query_param": {
    "hnsw_ef_search": 100
  },
  "create_index_time": 2.8515608310699463,
  "index_size": 0.01313018798828125,
  "recall": 0.9989,
  "avg_query_time": 0.0034326171875,
  "qps": 291.3229018492176,
  "score": 2.916351580619812,
  "normalized_metrics": {
    "create_index_time_s": 2.8515608310699463,
    "index_size_mb": 0.01313018798828125,
    "query_time_ms": 3.4326171875,
    "avg_query_time_s": 0.0034326171875,
    "qps": 291.3229018492176,
    "weighted_create_index_time": 0.8554682493209839,
    "weighted_index_size": 0.0013130187988281252,
    "weighted_query_time": 2.0595703125
  }
}