{
  "trial_number": 16,
  "best_query_param": {
    "hnsw_ef_search": 100
  },
  "create_index_time": 3.0270094871520996,
  "index_size": 0.0098876953125,
  "recall": 0.9958,
  "avg_query_time": 0.00564,
  "qps": 177.305,
  "score": 4.29309161567688,
  "normalized_metrics": {
    "create_index_time_s": 3.0270094871520996,
    "index_size_mb": 0.0098876953125,
    "query_time_ms": 5.64,
    "avg_query_time_s": 0.00564,
    "qps": 177.305,
    "weighted_create_index_time": 0.9081028461456299,
    "weighted_index_size": 0.00098876953125,
    "weighted_query_time": 3.384
  }
}