{
  "trial_number": 11,
  "best_query_param": {
    "hnsw_ef_search": 100
  },
  "create_index_time": 0.8028686046600342,
  "index_size": 0.00701904296875,
  "recall": 0.9946,
  "avg_query_time": 0.004012,
  "qps": 249.2522,
  "score": 2.648762485694885,
  "normalized_metrics": {
    "create_index_time_s": 0.8028686046600342,
    "index_size_mb": 0.00701904296875,
    "query_time_ms": 4.012,
    "avg_query_time_s": 0.004012,
    "qps": 249.2522,
    "weighted_create_index_time": 0.24086058139801025,
    "weighted_index_size": 0.000701904296875,
    "weighted_query_time": 2.4071999999999996
  }
}