{
  "trial_number": 17,
  "best_query_param": {
    "hnsw_ef_search": 266
  },
  "create_index_time": 2.295736312866211,
  "index_size": 0.0050201416015625,
  "recall": 0.9051,
  "avg_query_time": 0.007614,
  "qps": 131.337,
  "score": 5.257622908020019,
  "normalized_metrics": {
    "create_index_time_s": 2.295736312866211,
    "index_size_mb": 0.0050201416015625,
    "query_time_ms": 7.614,
    "avg_query_time_s": 0.007614,
    "qps": 131.337,
    "weighted_create_index_time": 0.6887208938598632,
    "weighted_index_size": 0.00050201416015625,
    "weighted_query_time": 4.5684
  }
}