{
  "trial_number": 14,
  "best_query_param": {
    "hnsw_ef_search": 146
  },
  "create_index_time": 0.5722084045410156,
  "index_size": 0.0037384033203125,
  "recall": 0.9084,
  "avg_query_time": 0.004124,
  "qps": 242.483,
  "score": 2.646436361694336,
  "normalized_metrics": {
    "create_index_time_s": 0.5722084045410156,
    "index_size_mb": 0.0037384033203125,
    "query_time_ms": 4.124,
    "avg_query_time_s": 0.004124,
    "qps": 242.483,
    "weighted_create_index_time": 0.17166252136230467,
    "weighted_index_size": 0.00037384033203125,
    "weighted_query_time": 2.4743999999999997
  }
}