{
  "trial_number": 18,
  "best_query_param": {
    "hnsw_ef_search": 264
  },
  "create_index_time": 0.7395148277282715,
  "index_size": 0.00344085693359375,
  "recall": 0.904,
  "avg_query_time": 0.00574,
  "qps": 174.216,
  "score": 3.6661985340118406,
  "normalized_metrics": {
    "create_index_time_s": 0.7395148277282715,
    "index_size_mb": 0.00344085693359375,
    "query_time_ms": 5.74,
    "avg_query_time_s": 0.00574,
    "qps": 174.216,
    "weighted_create_index_time": 0.22185444831848145,
    "weighted_index_size": 0.000344085693359375,
    "weighted_query_time": 3.444
  }
}