{
  "trial_number": 2,
  "best_query_param": {
    "hnsw_ef_search": 100
  },
  "create_index_time": 3.9119060039520264,
  "index_size": 0.01910400390625,
  "recall": 0.9996,
  "avg_query_time": 0.006332,
  "qps": 157.928,
  "score": 4.974682201576233,
  "normalized_metrics": {
    "create_index_time_s": 3.9119060039520264,
    "index_size_mb": 0.01910400390625,
    "query_time_ms": 6.332,
    "avg_query_time_s": 0.006332,
    "qps": 157.928,
    "weighted_create_index_time": 1.1735718011856078,
    "weighted_index_size": 0.001910400390625,
    "weighted_query_time": 3.7992
  }
}