{
  "trial_number": 13,
  "best_query_param": {
    "hnsw_ef_search": 154
  },
  "create_index_time": 0.5161170959472656,
  "index_size": 0.00342559814453125,
  "recall": 0.9091,
  "avg_query_time": 0.00375,
  "qps": 266.6667,
  "score": 2.405177688598633,
  "normalized_metrics": {
    "create_index_time_s": 0.5161170959472656,
    "index_size_mb": 0.00342559814453125,
    "query_time_ms": 3.75,
    "avg_query_time_s": 0.00375,
    "qps": 266.6667,
    "weighted_create_index_time": 0.15483512878417968,
    "weighted_index_size": 0.00034255981445312504,
    "weighted_query_time": 2.25
  }
}