{
  "trial_number": 10,
  "best_query_param": {
    "hnsw_ef_search": 100
  },
  "create_index_time": 1.0196595191955566,
  "index_size": 0.007965087890625,
  "recall": 0.9953,
  "avg_query_time": 0.004479,
  "qps": 223.2641,
  "score": 2.9940943645477294,
  "normalized_metrics": {
    "create_index_time_s": 1.0196595191955566,
    "index_size_mb": 0.007965087890625,
    "query_time_ms": 4.479,
    "avg_query_time_s": 0.004479,
    "qps": 223.2641,
    "weighted_create_index_time": 0.30589785575866696,
    "weighted_index_size": 0.0007965087890625,
    "weighted_query_time": 2.6874
  }
}