{
  "trial_number": 0,
  "best_query_param": {
    "hnsw_ef_search": 100
  },
  "create_index_time": 1.018272876739502,
  "index_size": 0.0059814453125,
  "recall": 0.9729,
  "avg_query_time": 0.003906,
  "qps": 256.0164,
  "score": 2.6496800075531004,
  "normalized_metrics": {
    "create_index_time_s": 1.018272876739502,
    "index_size_mb": 0.0059814453125,
    "query_time_ms": 3.906,
    "avg_query_time_s": 0.003906,
    "qps": 256.0164,
    "weighted_create_index_time": 0.3054818630218506,
    "weighted_index_size": 0.00059814453125,
    "weighted_query_time": 2.3436
  }
}