{
  "trial_number": 4,
  "best_query_param": {
    "hnsw_ef_search": 100
  },
  "create_index_time": 2.461850643157959,
  "index_size": 0.00960540771484375,
  "recall": 0.9963,
  "avg_query_time": 0.004717,
  "qps": 211.9992,
  "score": 3.569715733718872,
  "normalized_metrics": {
    "create_index_time_s": 2.461850643157959,
    "index_size_mb": 0.00960540771484375,
    "query_time_ms": 4.717,
    "avg_query_time_s": 0.004717,
    "qps": 211.9992,
    "weighted_create_index_time": 0.7385551929473877,
    "weighted_index_size": 0.000960540771484375,
    "weighted_query_time": 2.8301999999999996
  }
}