{
  "trial_number": 19,
  "best_query_param": {
    "hnsw_ef_search": 100
  },
  "create_index_time": 1.7502200603485107,
  "index_size": 0.008819580078125,
  "recall": 0.9965,
  "avg_query_time": 0.005046,
  "qps": 198.1768,
  "score": 3.553547976112366,
  "normalized_metrics": {
    "create_index_time_s": 1.7502200603485107,
    "index_size_mb": 0.008819580078125,
    "query_time_ms": 5.046,
    "avg_query_time_s": 0.005046,
    "qps": 198.1768,
    "weighted_create_index_time": 0.5250660181045532,
    "weighted_index_size": 0.0008819580078125001,
    "weighted_query_time": 3.0276
  }
}