{
  "trial_number": 6,
  "best_query_param": {
    "hnsw_ef_search": 100
  },
  "create_index_time": 5.91025447845459,
  "index_size": 0.019439697265625,
  "recall": 0.9997,
  "avg_query_time": 0.007112,
  "qps": 140.6074,
  "score": 6.0422203132629395,
  "normalized_metrics": {
    "create_index_time_s": 5.91025447845459,
    "index_size_mb": 0.019439697265625,
    "query_time_ms": 7.112,
    "avg_query_time_s": 0.007112,
    "qps": 140.6074,
    "weighted_create_index_time": 1.773076343536377,
    "weighted_index_size": 0.0019439697265625,
    "weighted_query_time": 4.2672
  }
}