{
  "trial_number": 8,
  "best_query_param": {
    "hnsw_ef_search": 100
  },
  "create_index_time": 8.910681009292603,
  "index_size": 0.02545928955078125,
  "recall": 0.9995,
  "avg_query_time": 0.008118,
  "qps": 123.1831,
  "score": 7.546550231742859,
  "normalized_metrics": {
    "create_index_time_s": 8.910681009292603,
    "index_size_mb": 0.02545928955078125,
    "query_time_ms": 8.118,
    "avg_query_time_s": 0.008118,
    "qps": 123.1831,
    "weighted_create_index_time": 2.6732043027877808,
    "weighted_index_size": 0.0025459289550781253,
    "weighted_query_time": 4.8708
  }
}