{
  "trial_number": 14,
  "best_query_param": {
    "hnsw_ef_search": 110
  },
  "create_index_time": 0.5101537704467773,
  "index_size": 0.0037384033203125,
  "recall": 0.9063,
  "avg_query_time": 0.0029553937911987304,
  "qps": 338.36438412303505,
  "score": 1.9266562461853027,
  "normalized_metrics": {
    "create_index_time_s": 0.5101537704467773,
    "index_size_mb": 0.0037384033203125,
    "query_time_ms": 2.9553937911987305,
    "avg_query_time_s": 0.0029553937911987304,
    "qps": 338.36438412303505,
    "weighted_create_index_time": 0.1530461311340332,
    "weighted_index_size": 0.00037384033203125,
    "weighted_query_time": 1.7732362747192383
  }
}