{
  "trial_number": 12,
  "best_query_param": {
    "hnsw_ef_search": 160
  },
  "create_index_time": 0.6218187808990479,
  "index_size": 0.0037384033203125,
  "recall": 0.9097,
  "avg_query_time": 0.0034998774528503416,
  "qps": 285.72428991351916,
  "score": 2.2868459463119506,
  "normalized_metrics": {
    "create_index_time_s": 0.6218187808990479,
    "index_size_mb": 0.0037384033203125,
    "query_time_ms": 3.499877452850342,
    "avg_query_time_s": 0.0034998774528503416,
    "qps": 285.72428991351916,
    "weighted_create_index_time": 0.18654563426971435,
    "weighted_index_size": 0.00037384033203125,
    "weighted_query_time": 2.099926471710205
  }
}