{
  "trial_number": 10,
  "best_query_param": {
    "hnsw_ef_search": 117
  },
  "create_index_time": 0.5260539054870605,
  "index_size": 0.00373077392578125,
  "recall": 0.9051,
  "avg_query_time": 0.002882273197174072,
  "qps": 346.9483742833438,
  "score": 1.8875531673431396,
  "normalized_metrics": {
    "create_index_time_s": 0.5260539054870605,
    "index_size_mb": 0.00373077392578125,
    "query_time_ms": 2.8822731971740723,
    "avg_query_time_s": 0.002882273197174072,
    "qps": 346.9483742833438,
    "weighted_create_index_time": 0.15781617164611816,
    "weighted_index_size": 0.00037307739257812504,
    "weighted_query_time": 1.7293639183044434
  }
}