{
  "trial_number": 11,
  "best_query_param": {
    "hnsw_ef_search": 110
  },
  "create_index_time": 0.49680566787719727,
  "index_size": 0.00374603271484375,
  "recall": 0.9093999999999999,
  "avg_query_time": 0.0027401280403137208,
  "qps": 364.9464496868945,
  "score": 1.793493127822876,
  "normalized_metrics": {
    "create_index_time_s": 0.49680566787719727,
    "index_size_mb": 0.00374603271484375,
    "query_time_ms": 2.7401280403137207,
    "avg_query_time_s": 0.0027401280403137208,
    "qps": 364.9464496868945,
    "weighted_create_index_time": 0.14904170036315917,
    "weighted_index_size": 0.000374603271484375,
    "weighted_query_time": 1.6440768241882324
  }
}