{
  "trial_number": 7,
  "best_query_param": {
    "hnsw_ef_search": 100
  },
  "create_index_time": 8.076888084411621,
  "index_size": 0.01911163330078125,
  "recall": 0.9997,
  "avg_query_time": 0.005662693977355957,
  "qps": 176.5943919976624,
  "score": 5.8225939750671385,
  "normalized_metrics": {
    "create_index_time_s": 8.076888084411621,
    "index_size_mb": 0.01911163330078125,
    "query_time_ms": 5.662693977355957,
    "avg_query_time_s": 0.005662693977355957,
    "qps": 176.5943919976624,
    "weighted_create_index_time": 2.423066425323486,
    "weighted_index_size": 0.001911163330078125,
    "weighted_query_time": 3.397616386413574
  }
}