{
  "trial_number": 15,
  "best_query_param": {
    "hnsw_ef_search": 100
  },
  "create_index_time": 3.3117082118988037,
  "index_size": 0.0109405517578125,
  "recall": 0.9937999999999999,
  "avg_query_time": 0.0049695873260498045,
  "qps": 201.22395168672364,
  "score": 3.976358914375305,
  "normalized_metrics": {
    "create_index_time_s": 3.3117082118988037,
    "index_size_mb": 0.0109405517578125,
    "query_time_ms": 4.969587326049805,
    "avg_query_time_s": 0.0049695873260498045,
    "qps": 201.22395168672364,
    "weighted_create_index_time": 0.9935124635696411,
    "weighted_index_size": 0.00109405517578125,
    "weighted_query_time": 2.981752395629883
  }
}