{
  "trial_number": 6,
  "best_query_param": {
    "hnsw_ef_search": 100
  },
  "create_index_time": 7.915461778640747,
  "index_size": 0.01911163330078125,
  "recall": 0.9995999999999999,
  "avg_query_time": 0.006501944065093994,
  "qps": 153.80015422903267,
  "score": 6.277716135978698,
  "normalized_metrics": {
    "create_index_time_s": 7.915461778640747,
    "index_size_mb": 0.01911163330078125,
    "query_time_ms": 6.501944065093994,
    "avg_query_time_s": 0.006501944065093994,
    "qps": 153.80015422903267,
    "weighted_create_index_time": 2.374638533592224,
    "weighted_index_size": 0.001911163330078125,
    "weighted_query_time": 3.9011664390563965
  }
}