{
  "trial_number": 3,
  "best_query_param": {
    "hnsw_ef_search": 100
  },
  "create_index_time": 5.317448854446411,
  "index_size": 0.0130615234375,
  "recall": 0.9981,
  "avg_query_time": 0.004847669601440429,
  "qps": 206.28468567718838,
  "score": 4.505142569541931,
  "normalized_metrics": {
    "create_index_time_s": 5.317448854446411,
    "index_size_mb": 0.0130615234375,
    "query_time_ms": 4.84766960144043,
    "avg_query_time_s": 0.004847669601440429,
    "qps": 206.28468567718838,
    "weighted_create_index_time": 1.5952346563339233,
    "weighted_index_size": 0.0013061523437500001,
    "weighted_query_time": 2.908601760864258
  }
}