{
  "trial_number": 18,
  "best_query_param": {
    "hnsw_ef_search": 335
  },
  "create_index_time": 0.885138750076294,
  "index_size": 0.00344085693359375,
  "recall": 0.9049,
  "avg_query_time": 0.005449903011322021,
  "qps": 183.48950392741446,
  "score": 3.5358275175094604,
  "normalized_metrics": {
    "create_index_time_s": 0.885138750076294,
    "index_size_mb": 0.00344085693359375,
    "query_time_ms": 5.4499030113220215,
    "avg_query_time_s": 0.005449903011322021,
    "qps": 183.48950392741446,
    "weighted_create_index_time": 0.2655416250228882,
    "weighted_index_size": 0.000344085693359375,
    "weighted_query_time": 3.269941806793213
  }
}