{
  "trial_number": 19,
  "best_query_param": {
    "hnsw_ef_search": 100
  },
  "create_index_time": 1.0478894710540771,
  "index_size": 0.009552001953125,
  "recall": 0.9976999999999999,
  "avg_query_time": 0.003838167190551758,
  "qps": 260.5410213660454,
  "score": 2.6182223558425903,
  "normalized_metrics": {
    "create_index_time_s": 1.0478894710540771,
    "index_size_mb": 0.009552001953125,
    "query_time_ms": 3.838167190551758,
    "avg_query_time_s": 0.003838167190551758,
    "qps": 260.5410213660454,
    "weighted_create_index_time": 0.3143668413162231,
    "weighted_index_size": 0.0009552001953125,
    "weighted_query_time": 2.3029003143310547
  }
}