{
  "trial_number": 0,
  "best_query_param": {
    "hnsw_ef_search": 100
  },
  "create_index_time": 1.0515961647033691,
  "index_size": 0.00600433349609375,
  "recall": 0.9675999999999999,
  "avg_query_time": 0.003201775550842285,
  "qps": 312.3267025188358,
  "score": 2.237144613265991,
  "normalized_metrics": {
    "create_index_time_s": 1.0515961647033691,
    "index_size_mb": 0.00600433349609375,
    "query_time_ms": 3.201775550842285,
    "avg_query_time_s": 0.003201775550842285,
    "qps": 312.3267025188358,
    "weighted_create_index_time": 0.31547884941101073,
    "weighted_index_size": 0.000600433349609375,
    "weighted_query_time": 1.921065330505371
  }
}