{
  "trial_number": 17,
  "best_query_param": {
    "hnsw_ef_search": 184
  },
  "create_index_time": 2.953737258911133,
  "index_size": 0.0063934326171875,
  "recall": 0.9127,
  "avg_query_time": 0.005387451648712158,
  "qps": 185.61651504362823,
  "score": 4.119231510162353,
  "normalized_metrics": {
    "create_index_time_s": 2.953737258911133,
    "index_size_mb": 0.0063934326171875,
    "query_time_ms": 5.387451648712158,
    "avg_query_time_s": 0.005387451648712158,
    "qps": 185.61651504362823,
    "weighted_create_index_time": 0.8861211776733399,
    "weighted_index_size": 0.0006393432617187501,
    "weighted_query_time": 3.232470989227295
  }
}