{
  "trial_number": 9,
  "index_param": {
    "ivf_nlist": 244,
    "num_subquantizers": 8
  },
  "best_query_param": {
    "ivf_probes": 100,
    "ivfpq_refine_k_factor": 2
  },
  "create_index_time": 8.60715651512146,
  "index_size": 0.00212860107421875,
  "recall": 0.9097999999999999,
  "avg_query_time": 0.004606125354766846,
  "qps": 217.1022112902566,
  "score": 5.346035027503968,
  "normalized_metrics": {
    "create_index_time_s": 8.60715651512146,
    "index_size_mb": 0.00212860107421875,
    "query_time_ms": 4.606125354766846,
    "avg_query_time_s": 0.004606125354766846,
    "qps": 217.1022112902566,
    "weighted_create_index_time": 2.5821469545364377,
    "weighted_index_size": 0.00021286010742187502,
    "weighted_query_time": 2.7636752128601074
  }
}