{
  "trial_number": 4,
  "index_param": {
    "ivf_nlist": 198,
    "num_subquantizers": 8
  },
  "best_query_param": {
    "ivf_probes": 100,
    "ivfpq_refine_k_factor": 2
  },
  "create_index_time": 6.449744939804077,
  "index_size": 0.0017547607421875,
  "recall": 0.9129,
  "avg_query_time": 0.004727571010589599,
  "qps": 211.52511464344667,
  "score": 4.771641564369202,
  "normalized_metrics": {
    "create_index_time_s": 6.449744939804077,
    "index_size_mb": 0.0017547607421875,
    "query_time_ms": 4.7275710105896,
    "avg_query_time_s": 0.004727571010589599,
    "qps": 211.52511464344667,
    "weighted_create_index_time": 1.934923481941223,
    "weighted_index_size": 0.00017547607421875,
    "weighted_query_time": 2.8365426063537598
  }
}