{
  "trial_number": 5,
  "index_param": {
    "ivf_nlist": 208,
    "num_subquantizers": 1
  },
  "best_query_param": {
    "ivf_probes": 636,
    "ivfpq_refine_k_factor": 6
  },
  "create_index_time": 2.441598653793335,
  "index_size": 0.0018310546875,
  "recall": 0.9141999999999999,
  "avg_query_time": 0.005901458263397216,
  "qps": 169.44964369270028,
  "score": 4.273537659645081,
  "normalized_metrics": {
    "create_index_time_s": 2.441598653793335,
    "index_size_mb": 0.0018310546875,
    "query_time_ms": 5.901458263397217,
    "avg_query_time_s": 0.005901458263397216,
    "qps": 169.44964369270028,
    "weighted_create_index_time": 0.7324795961380005,
    "weighted_index_size": 0.00018310546875,
    "weighted_query_time": 3.54087495803833
  }
}