{
  "trial_number": 6,
  "index_param": {
    "ivf_nlist": 79,
    "num_subquantizers": 1
  },
  "best_query_param": {
    "ivf_probes": 774,
    "ivfpq_refine_k_factor": 7
  },
  "create_index_time": 2.6324710845947266,
  "index_size": 0.00078582763671875,
  "recall": 0.9087999999999999,
  "avg_query_time": 0.004878973960876465,
  "qps": 204.96112666695984,
  "score": 3.717204284667969,
  "normalized_metrics": {
    "create_index_time_s": 2.6324710845947266,
    "index_size_mb": 0.00078582763671875,
    "query_time_ms": 4.878973960876465,
    "avg_query_time_s": 0.004878973960876465,
    "qps": 204.96112666695984,
    "weighted_create_index_time": 0.7897413253784179,
    "weighted_index_size": 7.8582763671875e-05,
    "weighted_query_time": 2.927384376525879
  }
}