{
  "trial_number": 17,
  "index_param": {
    "ivf_nlist": 54,
    "num_subquantizers": 32
  },
  "best_query_param": {
    "ivf_probes": 100,
    "ivfpq_refine_k_factor": 2
  },
  "create_index_time": 11.416502237319946,
  "index_size": 0.0007781982421875,
  "recall": 0.9993,
  "avg_query_time": 0.004394726753234863,
  "qps": 227.5454325491162,
  "score": 6.06186454296112,
  "normalized_metrics": {
    "create_index_time_s": 11.416502237319946,
    "index_size_mb": 0.0007781982421875,
    "query_time_ms": 4.394726753234863,
    "avg_query_time_s": 0.004394726753234863,
    "qps": 227.5454325491162,
    "weighted_create_index_time": 3.4249506711959836,
    "weighted_index_size": 7.781982421875001e-05,
    "weighted_query_time": 2.636836051940918
  }
}