{
  "trial_number": 15,
  "index_param": {
    "ivf_nlist": 127,
    "num_subquantizers": 4
  },
  "best_query_param": {
    "ivf_probes": 405,
    "ivfpq_refine_k_factor": 4
  },
  "create_index_time": 4.75866174697876,
  "index_size": 0.0011749267578125,
  "recall": 0.9381999999999999,
  "avg_query_time": 0.005245625972747803,
  "qps": 190.63501766904906,
  "score": 4.575091600418091,
  "normalized_metrics": {
    "create_index_time_s": 4.75866174697876,
    "index_size_mb": 0.0011749267578125,
    "query_time_ms": 5.245625972747803,
    "avg_query_time_s": 0.005245625972747803,
    "qps": 190.63501766904906,
    "weighted_create_index_time": 1.427598524093628,
    "weighted_index_size": 0.00011749267578125,
    "weighted_query_time": 3.1473755836486816
  }
}