{
  "trial_number": 3,
  "index_param": {
    "ivf_nlist": 307,
    "num_subquantizers": 16
  },
  "best_query_param": {
    "ivf_probes": 100,
    "ivfpq_refine_k_factor": 2
  },
  "create_index_time": 15.35607624053955,
  "index_size": 0.0026397705078125,
  "recall": 0.9749999999999999,
  "avg_query_time": 0.0038390231132507326,
  "qps": 260.48293289728065,
  "score": 6.910500717163085,
  "normalized_metrics": {
    "create_index_time_s": 15.35607624053955,
    "index_size_mb": 0.0026397705078125,
    "query_time_ms": 3.8390231132507324,
    "avg_query_time_s": 0.0038390231132507326,
    "qps": 260.48293289728065,
    "weighted_create_index_time": 4.606822872161865,
    "weighted_index_size": 0.00026397705078125,
    "weighted_query_time": 2.3034138679504395
  }
}