{
  "trial_number": 1,
  "index_param": {
    "ivf_nlist": 344,
    "num_subquantizers": 1
  },
  "best_query_param": {
    "ivf_probes": 654,
    "ivfpq_refine_k_factor": 6
  },
  "create_index_time": 3.287004232406616,
  "index_size": 0.00293731689453125,
  "recall": 0.9198999999999998,
  "avg_query_time": 0.007407987117767334,
  "qps": 134.98943560546937,
  "score": 5.431187272071838,
  "normalized_metrics": {
    "create_index_time_s": 3.287004232406616,
    "index_size_mb": 0.00293731689453125,
    "query_time_ms": 7.407987117767334,
    "avg_query_time_s": 0.007407987117767334,
    "qps": 134.98943560546937,
    "weighted_create_index_time": 0.9861012697219849,
    "weighted_index_size": 0.000293731689453125,
    "weighted_query_time": 4.4447922706604
  }
}