{
  "trial_number": 13,
  "index_param": {
    "ivf_nlist": 62,
    "num_subquantizers": 1
  },
  "best_query_param": {
    "ivf_probes": 783,
    "ivfpq_refine_k_factor": 7
  },
  "create_index_time": 2.0439951419830322,
  "index_size": 0.00064849853515625,
  "recall": 0.9105,
  "avg_query_time": 0.0047724533081054685,
  "qps": 209.53583732325131,
  "score": 3.4767353773117065,
  "normalized_metrics": {
    "create_index_time_s": 2.0439951419830322,
    "index_size_mb": 0.00064849853515625,
    "query_time_ms": 4.772453308105469,
    "avg_query_time_s": 0.0047724533081054685,
    "qps": 209.53583732325131,
    "weighted_create_index_time": 0.6131985425949097,
    "weighted_index_size": 6.4849853515625e-05,
    "weighted_query_time": 2.8634719848632812
  }
}