{
  "trial_number": 16,
  "index_param": {
    "ivf_nlist": 169,
    "num_subquantizers": 2
  },
  "best_query_param": {
    "ivf_probes": 440,
    "ivfpq_refine_k_factor": 5
  },
  "create_index_time": 2.2190122604370117,
  "index_size": 0.00151824951171875,
  "recall": 0.9284,
  "avg_query_time": 0.0055140995979309085,
  "qps": 181.35327123493317,
  "score": 3.9743152618408204,
  "normalized_metrics": {
    "create_index_time_s": 2.2190122604370117,
    "index_size_mb": 0.00151824951171875,
    "query_time_ms": 5.514099597930908,
    "avg_query_time_s": 0.0055140995979309085,
    "qps": 181.35327123493317,
    "weighted_create_index_time": 0.6657036781311035,
    "weighted_index_size": 0.00015182495117187502,
    "weighted_query_time": 3.308459758758545
  }
}