{
  "trial_number": 7,
  "index_param": {
    "ivf_nlist": 132,
    "num_subquantizers": 16
  },
  "best_query_param": {
    "ivf_probes": 100,
    "ivfpq_refine_k_factor": 2
  },
  "create_index_time": 8.696911334991455,
  "index_size": 0.00121307373046875,
  "recall": 0.9759999999999998,
  "avg_query_time": 0.0042183613777160645,
  "qps": 237.05887439672776,
  "score": 5.140211534500122,
  "normalized_metrics": {
    "create_index_time_s": 8.696911334991455,
    "index_size_mb": 0.00121307373046875,
    "query_time_ms": 4.2183613777160645,
    "avg_query_time_s": 0.0042183613777160645,
    "qps": 237.05887439672776,
    "weighted_create_index_time": 2.6090734004974365,
    "weighted_index_size": 0.000121307373046875,
    "weighted_query_time": 2.5310168266296387
  }
}