{
  "trial_number": 10,
  "index_param": {
    "ivf_nlist": 63,
    "num_subquantizers": 32
  },
  "best_query_param": {
    "ivf_probes": 100,
    "ivfpq_refine_k_factor": 2
  },
  "create_index_time": 18.94999074935913,
  "index_size": 0.000732421875,
  "recall": 0.9986,
  "avg_query_time": 0.004541103839874268,
  "qps": 220.21077589533553,
  "score": 8.409732770919799,
  "normalized_metrics": {
    "create_index_time_s": 18.94999074935913,
    "index_size_mb": 0.000732421875,
    "query_time_ms": 4.541103839874268,
    "avg_query_time_s": 0.004541103839874268,
    "qps": 220.21077589533553,
    "weighted_create_index_time": 5.684997224807739,
    "weighted_index_size": 7.324218750000001e-05,
    "weighted_query_time": 2.7246623039245605
  }
}