{
  "trial_number": 11,
  "index_param": {
    "ivf_nlist": 250,
    "num_subquantizers": 1
  },
  "best_query_param": {
    "ivf_probes": 647,
    "ivfpq_refine_k_factor": 6
  },
  "create_index_time": 2.9691061973571777,
  "index_size": 0.00217437744140625,
  "recall": 0.9151,
  "avg_query_time": 0.006564505100250244,
  "qps": 152.33440826512256,
  "score": 4.82965235710144,
  "normalized_metrics": {
    "create_index_time_s": 2.9691061973571777,
    "index_size_mb": 0.00217437744140625,
    "query_time_ms": 6.564505100250244,
    "avg_query_time_s": 0.006564505100250244,
    "qps": 152.33440826512256,
    "weighted_create_index_time": 0.8907318592071533,
    "weighted_index_size": 0.000217437744140625,
    "weighted_query_time": 3.9387030601501465
  }
}