{
  "trial_number": 18,
  "index_param": {
    "ivf_nlist": 106,
    "num_subquantizers": 1
  },
  "best_query_param": {
    "ivf_probes": 723,
    "ivfpq_refine_k_factor": 7
  },
  "create_index_time": 3.0133821964263916,
  "index_size": 0.001007080078125,
  "recall": 0.9187000000000001,
  "avg_query_time": 0.0051079607009887696,
  "qps": 195.77284527784752,
  "score": 3.9688917875289915,
  "normalized_metrics": {
    "create_index_time_s": 3.0133821964263916,
    "index_size_mb": 0.001007080078125,
    "query_time_ms": 5.1079607009887695,
    "avg_query_time_s": 0.0051079607009887696,
    "qps": 195.77284527784752,
    "weighted_create_index_time": 0.9040146589279174,
    "weighted_index_size": 0.00010070800781250001,
    "weighted_query_time": 3.0647764205932617
  }
}