{
  "trial_number": 12,
  "index_param": {
    "ivf_nlist": 398,
    "num_subquantizers": 2
  },
  "best_query_param": {
    "ivf_probes": 400,
    "ivfpq_refine_k_factor": 4
  },
  "create_index_time": 3.3146674633026123,
  "index_size": 0.00337982177734375,
  "recall": 0.9153,
  "avg_query_time": 0.007881693840026856,
  "qps": 126.87628069508884,
  "score": 5.723754525184631,
  "normalized_metrics": {
    "create_index_time_s": 3.3146674633026123,
    "index_size_mb": 0.00337982177734375,
    "query_time_ms": 7.8816938400268555,
    "avg_query_time_s": 0.007881693840026856,
    "qps": 126.87628069508884,
    "weighted_create_index_time": 0.9944002389907837,
    "weighted_index_size": 0.00033798217773437503,
    "weighted_query_time": 4.729016304016113
  }
}