{
  "trial_number": 0,
  "index_param": {
    "ivf_nlist": 100,
    "num_subquantizers": 8
  },
  "best_query_param": {
    "ivf_probes": 100,
    "ivfpq_refine_k_factor": 2
  },
  "create_index_time": 8.002278804779053,
  "index_size": 0.00095367431640625,
  "recall": 0.9036,
  "avg_query_time": 0.005196163654327393,
  "qps": 192.4496737448203,
  "score": 5.518477201461792,
  "normalized_metrics": {
    "create_index_time_s": 8.002278804779053,
    "index_size_mb": 0.00095367431640625,
    "query_time_ms": 5.196163654327393,
    "avg_query_time_s": 0.005196163654327393,
    "qps": 192.4496737448203,
    "weighted_create_index_time": 2.400683641433716,
    "weighted_index_size": 9.5367431640625e-05,
    "weighted_query_time": 3.1176981925964355
  }
}