{
  "trial_number": 19,
  "index_param": {
    "ivf_nlist": 156,
    "num_subquantizers": 1
  },
  "best_query_param": {
    "ivf_probes": 693,
    "ivfpq_refine_k_factor": 6
  },
  "create_index_time": 2.805501937866211,
  "index_size": 0.00141143798828125,
  "recall": 0.9019999999999999,
  "avg_query_time": 0.005493440628051758,
  "qps": 182.03527947377648,
  "score": 4.137856101989746,
  "normalized_metrics": {
    "create_index_time_s": 2.805501937866211,
    "index_size_mb": 0.00141143798828125,
    "query_time_ms": 5.493440628051758,
    "avg_query_time_s": 0.005493440628051758,
    "qps": 182.03527947377648,
    "weighted_create_index_time": 0.8416505813598633,
    "weighted_index_size": 0.000141143798828125,
    "weighted_query_time": 3.2960643768310547
  }
}