{
  "create_index_time": 7.675037860870361,
  "index_size": 31832.0,
  "table_size": 57144.0,
  "index_type": "ivfflat",
  "index_param": {
    "ivf_nlist": 316
  },
  "query_param": {
    "ivf_probes": 15
  },
  "best_query_param": {
    "ivf_probes": 20
  },
  "best_performance": {
    "recall": 0.91671,
    "avg_query_time": 0.027882924318313598,
    "min_query_time": 0.017943382263183594,
    "max_query_time": 0.052777767181396484,
    "qps": 35.86424395748177
  }
}