{
  "trial_number": 5,
  "best_query_param": {
    "diskann_search_list_size": 100
  },
  "create_index_time": 1.063145399093628,
  "index_size": 0.0042877197265625,
  "recall": 0.9995,
  "avg_query_time": 0.006643,
  "qps": 150.5344,
  "score": 4.3051723917007445,
  "normalized_metrics": {
    "create_index_time_s": 1.063145399093628,
    "index_size_mb": 0.0042877197265625,
    "query_time_ms": 6.643,
    "avg_query_time_s": 0.006643,
    "qps": 150.5344,
    "weighted_create_index_time": 0.3189436197280884,
    "weighted_index_size": 0.00042877197265625,
    "weighted_query_time": 3.9858
  }
}