{
  "trial_number": 7,
  "best_query_param": {
    "diskann_search_list_size": 100
  },
  "create_index_time": 1.061704158782959,
  "index_size": 0.0042877197265625,
  "recall": 0.9995,
  "avg_query_time": 0.006613,
  "qps": 151.2173,
  "score": 4.286740019607543,
  "normalized_metrics": {
    "create_index_time_s": 1.061704158782959,
    "index_size_mb": 0.0042877197265625,
    "query_time_ms": 6.6129999999999995,
    "avg_query_time_s": 0.006613,
    "qps": 151.2173,
    "weighted_create_index_time": 0.3185112476348877,
    "weighted_index_size": 0.00042877197265625,
    "weighted_query_time": 3.9677999999999995
  }
}