{
  "trial_number": 2,
  "best_query_param": {
    "diskann_search_list_size": 100
  },
  "create_index_time": 1.0650053024291992,
  "index_size": 0.0042877197265625,
  "recall": 0.9995,
  "avg_query_time": 0.006107,
  "qps": 163.7465,
  "score": 3.984130362701415,
  "normalized_metrics": {
    "create_index_time_s": 1.0650053024291992,
    "index_size_mb": 0.0042877197265625,
    "query_time_ms": 6.106999999999999,
    "avg_query_time_s": 0.006107,
    "qps": 163.7465,
    "weighted_create_index_time": 0.3195015907287598,
    "weighted_index_size": 0.00042877197265625,
    "weighted_query_time": 3.6641999999999992
  }
}