{
  "trial_number": 19,
  "best_query_param": {
    "diskann_search_list_size": 100
  },
  "create_index_time": 1.068737506866455,
  "index_size": 0.0042877197265625,
  "recall": 0.9995,
  "avg_query_time": 0.006492,
  "qps": 154.0357,
  "score": 4.216250024032592,
  "normalized_metrics": {
    "create_index_time_s": 1.068737506866455,
    "index_size_mb": 0.0042877197265625,
    "query_time_ms": 6.492,
    "avg_query_time_s": 0.006492,
    "qps": 154.0357,
    "weighted_create_index_time": 0.3206212520599365,
    "weighted_index_size": 0.00042877197265625,
    "weighted_query_time": 3.8952
  }
}