{
  "trial_number": 11,
  "best_query_param": {
    "diskann_search_list_size": 100
  },
  "create_index_time": 1.0623385906219482,
  "index_size": 0.0042877197265625,
  "recall": 0.9995,
  "avg_query_time": 0.00685,
  "qps": 145.9854,
  "score": 4.429130349159241,
  "normalized_metrics": {
    "create_index_time_s": 1.0623385906219482,
    "index_size_mb": 0.0042877197265625,
    "query_time_ms": 6.8500000000000005,
    "avg_query_time_s": 0.00685,
    "qps": 145.9854,
    "weighted_create_index_time": 0.3187015771865845,
    "weighted_index_size": 0.00042877197265625,
    "weighted_query_time": 4.11
  }
}