{
  "trial_number": 0,
  "best_query_param": {
    "diskann_search_list_size": 100
  },
  "create_index_time": 1.0703034400939941,
  "index_size": 0.0042877197265625,
  "recall": 0.9995,
  "avg_query_time": 0.006143,
  "qps": 162.7869,
  "score": 4.007319804000854,
  "normalized_metrics": {
    "create_index_time_s": 1.0703034400939941,
    "index_size_mb": 0.0042877197265625,
    "query_time_ms": 6.143,
    "avg_query_time_s": 0.006143,
    "qps": 162.7869,
    "weighted_create_index_time": 0.3210910320281982,
    "weighted_index_size": 0.00042877197265625,
    "weighted_query_time": 3.6857999999999995
  }
}