{
  "trial_number": 10,
  "best_query_param": {
    "diskann_search_list_size": 100
  },
  "create_index_time": 1.0687310695648193,
  "index_size": 0.0042877197265625,
  "recall": 0.9995,
  "avg_query_time": 0.006655,
  "qps": 150.263,
  "score": 4.314048092842102,
  "normalized_metrics": {
    "create_index_time_s": 1.0687310695648193,
    "index_size_mb": 0.0042877197265625,
    "query_time_ms": 6.655,
    "avg_query_time_s": 0.006655,
    "qps": 150.263,
    "weighted_create_index_time": 0.3206193208694458,
    "weighted_index_size": 0.00042877197265625,
    "weighted_query_time": 3.993
  }
}