{
  "trial_number": 4,
  "best_query_param": {
    "diskann_search_list_size": 100
  },
  "create_index_time": 1.064967393875122,
  "index_size": 0.0042877197265625,
  "recall": 0.9995,
  "avg_query_time": 0.006304,
  "qps": 158.6294,
  "score": 4.102318990135192,
  "normalized_metrics": {
    "create_index_time_s": 1.064967393875122,
    "index_size_mb": 0.0042877197265625,
    "query_time_ms": 6.303999999999999,
    "avg_query_time_s": 0.006304,
    "qps": 158.6294,
    "weighted_create_index_time": 0.3194902181625366,
    "weighted_index_size": 0.00042877197265625,
    "weighted_query_time": 3.7823999999999995
  }
}