{
  "trial_number": 6,
  "best_query_param": {
    "diskann_search_list_size": 100
  },
  "create_index_time": 1.0633435249328613,
  "index_size": 0.0042877197265625,
  "recall": 0.9995,
  "avg_query_time": 0.00678,
  "qps": 147.4926,
  "score": 4.387431829452514,
  "normalized_metrics": {
    "create_index_time_s": 1.0633435249328613,
    "index_size_mb": 0.0042877197265625,
    "query_time_ms": 6.779999999999999,
    "avg_query_time_s": 0.00678,
    "qps": 147.4926,
    "weighted_create_index_time": 0.3190030574798584,
    "weighted_index_size": 0.00042877197265625,
    "weighted_query_time": 4.068
  }
}