{
  "trial_number": 1,
  "best_query_param": {
    "diskann_search_list_size": 100
  },
  "create_index_time": 1.0633883476257324,
  "index_size": 0.0042877197265625,
  "recall": 0.9995,
  "avg_query_time": 0.006482,
  "qps": 154.2734,
  "score": 4.208645276260376,
  "normalized_metrics": {
    "create_index_time_s": 1.0633883476257324,
    "index_size_mb": 0.0042877197265625,
    "query_time_ms": 6.482,
    "avg_query_time_s": 0.006482,
    "qps": 154.2734,
    "weighted_create_index_time": 0.3190165042877197,
    "weighted_index_size": 0.00042877197265625,
    "weighted_query_time": 3.8891999999999998
  }
}