{
  "trial_number": 14,
  "best_query_param": {
    "diskann_search_list_size": 100
  },
  "create_index_time": 1.0675621032714844,
  "index_size": 0.0042877197265625,
  "recall": 0.9995,
  "avg_query_time": 0.006213,
  "qps": 160.9528,
  "score": 4.048497402954101,
  "normalized_metrics": {
    "create_index_time_s": 1.0675621032714844,
    "index_size_mb": 0.0042877197265625,
    "query_time_ms": 6.213,
    "avg_query_time_s": 0.006213,
    "qps": 160.9528,
    "weighted_create_index_time": 0.3202686309814453,
    "weighted_index_size": 0.00042877197265625,
    "weighted_query_time": 3.7278
  }
}