{
  "trial_number": 9,
  "best_query_param": {
    "diskann_search_list_size": 100
  },
  "create_index_time": 1.0627410411834717,
  "index_size": 0.0042877197265625,
  "recall": 0.9995,
  "avg_query_time": 0.006392,
  "qps": 156.4456,
  "score": 4.154451084327698,
  "normalized_metrics": {
    "create_index_time_s": 1.0627410411834717,
    "index_size_mb": 0.0042877197265625,
    "query_time_ms": 6.392,
    "avg_query_time_s": 0.006392,
    "qps": 156.4456,
    "weighted_create_index_time": 0.3188223123550415,
    "weighted_index_size": 0.00042877197265625,
    "weighted_query_time": 3.8352
  }
}