{
  "trial_number": 17,
  "best_query_param": {
    "hnsw_ef_search": 100
  },
  "create_index_time": 2.7714405059814453,
  "index_size": 0.01566314697265625,
  "recall": 0.9998,
  "avg_query_time": 0.0030109167098999025,
  "qps": 332.12476343566635,
  "score": 2.639548492431641,
  "normalized_metrics": {
    "create_index_time_s": 2.7714405059814453,
    "index_size_mb": 0.01566314697265625,
    "query_time_ms": 3.0109167098999023,
    "avg_query_time_s": 0.0030109167098999025,
    "qps": 332.12476343566635,
    "weighted_create_index_time": 0.8314321517944335,
    "weighted_index_size": 0.001566314697265625,
    "weighted_query_time": 1.8065500259399414
  }
}