{
  "trial_number": 15,
  "best_query_param": {
    "hnsw_ef_search": 100
  },
  "create_index_time": 1.8372008800506592,
  "index_size": 0.00722503662109375,
  "recall": 0.9765000000000001,
  "avg_query_time": 0.0023282194137573243,
  "qps": 429.51278306978,
  "score": 1.9488144159317016,
  "normalized_metrics": {
    "create_index_time_s": 1.8372008800506592,
    "index_size_mb": 0.00722503662109375,
    "query_time_ms": 2.328219413757324,
    "avg_query_time_s": 0.0023282194137573243,
    "qps": 429.51278306978,
    "weighted_create_index_time": 0.5511602640151977,
    "weighted_index_size": 0.000722503662109375,
    "weighted_query_time": 1.3969316482543945
  }
}