{
  "trial_number": 14,
  "best_query_param": {
    "hnsw_ef_search": 119
  },
  "create_index_time": 0.6151795387268066,
  "index_size": 0.0040435791015625,
  "recall": 0.9064000000000001,
  "avg_query_time": 0.0017866206169128418,
  "qps": 559.7159187202998,
  "score": 1.2569305896759033,
  "normalized_metrics": {
    "create_index_time_s": 0.6151795387268066,
    "index_size_mb": 0.0040435791015625,
    "query_time_ms": 1.7866206169128418,
    "avg_query_time_s": 0.0017866206169128418,
    "qps": 559.7159187202998,
    "weighted_create_index_time": 0.184553861618042,
    "weighted_index_size": 0.00040435791015625,
    "weighted_query_time": 1.071972370147705
  }
}