{
  "trial_number": 5,
  "best_query_param": {
    "hnsw_ef_search": 100
  },
  "create_index_time": 5.628300905227661,
  "index_size": 0.01309967041015625,
  "recall": 0.9948999999999999,
  "avg_query_time": 0.002717862129211426,
  "qps": 367.9362500592129,
  "score": 3.3205175161361695,
  "normalized_metrics": {
    "create_index_time_s": 5.628300905227661,
    "index_size_mb": 0.01309967041015625,
    "query_time_ms": 2.717862129211426,
    "avg_query_time_s": 0.002717862129211426,
    "qps": 367.9362500592129,
    "weighted_create_index_time": 1.6884902715682983,
    "weighted_index_size": 0.0013099670410156251,
    "weighted_query_time": 1.6307172775268555
  }
}