{
  "trial_number": 2,
  "best_query_param": {
    "hnsw_ef_search": 100
  },
  "create_index_time": 2.0875892639160156,
  "index_size": 0.0095977783203125,
  "recall": 0.9974999999999998,
  "avg_query_time": 0.002306241989135742,
  "qps": 433.60584219297266,
  "score": 2.0109817504882814,
  "normalized_metrics": {
    "create_index_time_s": 2.0875892639160156,
    "index_size_mb": 0.0095977783203125,
    "query_time_ms": 2.306241989135742,
    "avg_query_time_s": 0.002306241989135742,
    "qps": 433.60584219297266,
    "weighted_create_index_time": 0.6262767791748046,
    "weighted_index_size": 0.0009597778320312501,
    "weighted_query_time": 1.3837451934814453
  }
}