{
  "trial_number": 8,
  "best_query_param": {
    "hnsw_ef_search": 100
  },
  "create_index_time": 3.4312143325805664,
  "index_size": 0.0112457275390625,
  "recall": 0.9971,
  "avg_query_time": 0.002570140361785889,
  "qps": 389.0838083664581,
  "score": 2.5725730895996093,
  "normalized_metrics": {
    "create_index_time_s": 3.4312143325805664,
    "index_size_mb": 0.0112457275390625,
    "query_time_ms": 2.5701403617858887,
    "avg_query_time_s": 0.002570140361785889,
    "qps": 389.0838083664581,
    "weighted_create_index_time": 1.0293642997741699,
    "weighted_index_size": 0.00112457275390625,
    "weighted_query_time": 1.5420842170715332
  }
}