{
  "trial_number": 13,
  "best_query_param": {
    "hnsw_ef_search": 197
  },
  "create_index_time": 0.5332775115966797,
  "index_size": 0.00344085693359375,
  "recall": 0.9135999999999999,
  "avg_query_time": 0.0021883344650268557,
  "qps": 456.96853747981703,
  "score": 1.4733280181884765,
  "normalized_metrics": {
    "create_index_time_s": 0.5332775115966797,
    "index_size_mb": 0.00344085693359375,
    "query_time_ms": 2.1883344650268555,
    "avg_query_time_s": 0.0021883344650268557,
    "qps": 456.96853747981703,
    "weighted_create_index_time": 0.1599832534790039,
    "weighted_index_size": 0.000344085693359375,
    "weighted_query_time": 1.3130006790161133
  }
}