{
  "trial_number": 4,
  "best_query_param": {
    "hnsw_ef_search": 220
  },
  "create_index_time": 3.358229160308838,
  "index_size": 0.0063934326171875,
  "recall": 0.9037000000000001,
  "avg_query_time": 0.0028534793853759767,
  "qps": 350.4493514566741,
  "score": 2.7201957225799562,
  "normalized_metrics": {
    "create_index_time_s": 3.358229160308838,
    "index_size_mb": 0.0063934326171875,
    "query_time_ms": 2.8534793853759766,
    "avg_query_time_s": 0.0028534793853759767,
    "qps": 350.4493514566741,
    "weighted_create_index_time": 1.0074687480926514,
    "weighted_index_size": 0.0006393432617187501,
    "weighted_query_time": 1.712087631225586
  }
}