{
  "trial_number": 1,
  "best_query_param": {
    "hnsw_ef_search": 100
  },
  "create_index_time": 3.307373523712158,
  "index_size": 0.012725830078125,
  "recall": 0.9983,
  "avg_query_time": 0.0023551130294799803,
  "qps": 424.6080708155245,
  "score": 2.406552457809448,
  "normalized_metrics": {
    "create_index_time_s": 3.307373523712158,
    "index_size_mb": 0.012725830078125,
    "query_time_ms": 2.3551130294799805,
    "avg_query_time_s": 0.0023551130294799803,
    "qps": 424.6080708155245,
    "weighted_create_index_time": 0.9922120571136475,
    "weighted_index_size": 0.0012725830078125,
    "weighted_query_time": 1.4130678176879883
  }
}