{
  "trial_number": 3,
  "best_query_param": {
    "hnsw_ef_search": 100
  },
  "create_index_time": 4.430607318878174,
  "index_size": 0.01275634765625,
  "recall": 0.9983,
  "avg_query_time": 0.0024165701866149902,
  "qps": 413.80962387885353,
  "score": 2.7803999423980716,
  "normalized_metrics": {
    "create_index_time_s": 4.430607318878174,
    "index_size_mb": 0.01275634765625,
    "query_time_ms": 2.4165701866149902,
    "avg_query_time_s": 0.0024165701866149902,
    "qps": 413.80962387885353,
    "weighted_create_index_time": 1.3291821956634522,
    "weighted_index_size": 0.0012756347656250001,
    "weighted_query_time": 1.4499421119689941
  }
}