{
  "create_index_time": 7.598799228668213,
  "index_size": 31704.0,
  "table_size": 57144.0,
  "index_type": "ivfflat",
  "index_param": {
    "ivf_nlist": 316
  },
  "query_param": {
    "ivf_probes": 15
  },
  "best_query_param": {
    "ivf_probes": 15
  },
  "best_performance": {
    "recall": 0.87809,
    "avg_query_time": 0.02136520528793335,
    "min_query_time": 0.012833118438720703,
    "max_query_time": 0.04195117950439453,
    "qps": 46.80507332006683
  }
}