{
  "trial_number": 8,
  "best_query_param": {
    "hnsw_ef_search": 200
  },
  "create_index_time": 3.586592435836792,
  "index_size": 0.00666046142578125,
  "recall": 0.9073,
  "avg_query_time": 0.006348,
  "qps": 157.5299,
  "score": 4.885443776893616,
  "normalized_metrics": {
    "create_index_time_s": 3.586592435836792,
    "index_size_mb": 0.00666046142578125,
    "query_time_ms": 6.348000000000001,
    "avg_query_time_s": 0.006348,
    "qps": 157.5299,
    "weighted_create_index_time": 1.0759777307510376,
    "weighted_index_size": 0.0006660461425781251,
    "weighted_query_time": 3.8088
  }
}