{
  "trial_number": 19,
  "best_query_param": {
    "hnsw_ef_search": 100
  },
  "create_index_time": 0.9044942855834961,
  "index_size": 0.0050048828125,
  "recall": 0.9186,
  "avg_query_time": 0.003705,
  "qps": 269.9055,
  "score": 2.494848773956299,
  "normalized_metrics": {
    "create_index_time_s": 0.9044942855834961,
    "index_size_mb": 0.0050048828125,
    "query_time_ms": 3.705,
    "avg_query_time_s": 0.003705,
    "qps": 269.9055,
    "weighted_create_index_time": 0.2713482856750488,
    "weighted_index_size": 0.0005004882812500001,
    "weighted_query_time": 2.223
  }
}