{
  "trial_number": 17,
  "best_query_param": {
    "hnsw_ef_search": 100
  },
  "create_index_time": 1.4949595928192139,
  "index_size": 0.00638580322265625,
  "recall": 0.9673,
  "avg_query_time": 0.00376,
  "qps": 265.9574,
  "score": 2.7051264581680297,
  "normalized_metrics": {
    "create_index_time_s": 1.4949595928192139,
    "index_size_mb": 0.00638580322265625,
    "query_time_ms": 3.76,
    "avg_query_time_s": 0.00376,
    "qps": 265.9574,
    "weighted_create_index_time": 0.44848787784576416,
    "weighted_index_size": 0.000638580322265625,
    "weighted_query_time": 2.256
  }
}