{
  "trial_number": 1,
  "best_query_param": {
    "hnsw_ef_search": 100
  },
  "create_index_time": 4.590292453765869,
  "index_size": 0.01311492919921875,
  "recall": 0.999,
  "avg_query_time": 0.005259,
  "qps": 190.1502,
  "score": 4.5337992290496825,
  "normalized_metrics": {
    "create_index_time_s": 4.590292453765869,
    "index_size_mb": 0.01311492919921875,
    "query_time_ms": 5.2589999999999995,
    "avg_query_time_s": 0.005259,
    "qps": 190.1502,
    "weighted_create_index_time": 1.3770877361297607,
    "weighted_index_size": 0.001311492919921875,
    "weighted_query_time": 3.1553999999999998
  }
}