{
  "trial_number": 3,
  "best_query_param": {
    "hnsw_ef_search": 581
  },
  "create_index_time": 2.0841972827911377,
  "index_size": 0.00373077392578125,
  "recall": 0.9074,
  "avg_query_time": 0.008988,
  "qps": 111.2595,
  "score": 6.0184322622299185,
  "normalized_metrics": {
    "create_index_time_s": 2.0841972827911377,
    "index_size_mb": 0.00373077392578125,
    "query_time_ms": 8.988,
    "avg_query_time_s": 0.008988,
    "qps": 111.2595,
    "weighted_create_index_time": 0.6252591848373413,
    "weighted_index_size": 0.00037307739257812504,
    "weighted_query_time": 5.392799999999999
  }
}