{
  "trial_number": 14,
  "best_query_param": {
    "hnsw_ef_search": 100
  },
  "create_index_time": 1.013946533203125,
  "index_size": 0.009552001953125,
  "recall": 0.9976,
  "avg_query_time": 0.004191,
  "qps": 238.6065,
  "score": 2.8197391601562503,
  "normalized_metrics": {
    "create_index_time_s": 1.013946533203125,
    "index_size_mb": 0.009552001953125,
    "query_time_ms": 4.191000000000001,
    "avg_query_time_s": 0.004191,
    "qps": 238.6065,
    "weighted_create_index_time": 0.3041839599609375,
    "weighted_index_size": 0.0009552001953125,
    "weighted_query_time": 2.5146
  }
}