{
  "trial_number": 5,
  "best_query_param": {
    "hnsw_ef_search": 100
  },
  "create_index_time": 7.909442186355591,
  "index_size": 0.01944732666015625,
  "recall": 1.0,
  "avg_query_time": 0.007122,
  "qps": 140.41,
  "score": 6.647977388572693,
  "normalized_metrics": {
    "create_index_time_s": 7.909442186355591,
    "index_size_mb": 0.01944732666015625,
    "query_time_ms": 7.122,
    "avg_query_time_s": 0.007122,
    "qps": 140.41,
    "weighted_create_index_time": 2.3728326559066772,
    "weighted_index_size": 0.001944732666015625,
    "weighted_query_time": 4.2732
  }
}