{
  "trial_number": 12,
  "best_query_param": {
    "hnsw_ef_search": 100
  },
  "create_index_time": 1.1379823684692383,
  "index_size": 0.00988006591796875,
  "recall": 0.9976,
  "avg_query_time": 0.004318,
  "qps": 231.5887,
  "score": 2.933182717132568,
  "normalized_metrics": {
    "create_index_time_s": 1.1379823684692383,
    "index_size_mb": 0.00988006591796875,
    "query_time_ms": 4.318,
    "avg_query_time_s": 0.004318,
    "qps": 231.5887,
    "weighted_create_index_time": 0.3413947105407715,
    "weighted_index_size": 0.000988006591796875,
    "weighted_query_time": 2.5907999999999998
  }
}