{
  "trial_number": 18,
  "best_query_param": {
    "hnsw_ef_search": 100
  },
  "create_index_time": 3.015263795852661,
  "index_size": 0.01128387451171875,
  "recall": 0.998,
  "avg_query_time": 0.004922,
  "qps": 203.1694,
  "score": 3.8589075262069703,
  "normalized_metrics": {
    "create_index_time_s": 3.015263795852661,
    "index_size_mb": 0.01128387451171875,
    "query_time_ms": 4.922000000000001,
    "avg_query_time_s": 0.004922,
    "qps": 203.1694,
    "weighted_create_index_time": 0.9045791387557983,
    "weighted_index_size": 0.001128387451171875,
    "weighted_query_time": 2.9532000000000003
  }
}