{
  "trial_number": 7,
  "best_query_param": {
    "hnsw_ef_search": 100
  },
  "create_index_time": 8.297362804412842,
  "index_size": 0.01910400390625,
  "recall": 0.9993,
  "avg_query_time": 0.006819,
  "qps": 146.6491,
  "score": 6.582519241714477,
  "normalized_metrics": {
    "create_index_time_s": 8.297362804412842,
    "index_size_mb": 0.01910400390625,
    "query_time_ms": 6.819000000000001,
    "avg_query_time_s": 0.006819,
    "qps": 146.6491,
    "weighted_create_index_time": 2.4892088413238525,
    "weighted_index_size": 0.001910400390625,
    "weighted_query_time": 4.0914
  }
}