{
  "trial_number": 10,
  "best_query_param": {
    "hnsw_ef_search": 100
  },
  "create_index_time": 1.7532832622528076,
  "index_size": 0.00882720947265625,
  "recall": 0.9958,
  "avg_query_time": 0.00446,
  "qps": 224.2152,
  "score": 3.2028676996231082,
  "normalized_metrics": {
    "create_index_time_s": 1.7532832622528076,
    "index_size_mb": 0.00882720947265625,
    "query_time_ms": 4.460000000000001,
    "avg_query_time_s": 0.00446,
    "qps": 224.2152,
    "weighted_create_index_time": 0.5259849786758423,
    "weighted_index_size": 0.000882720947265625,
    "weighted_query_time": 2.6760000000000006
  }
}