{
  "trial_number": 4,
  "best_query_param": {
    "hnsw_ef_search": 100
  },
  "create_index_time": 4.909104108810425,
  "index_size": 0.0152740478515625,
  "recall": 0.9992,
  "avg_query_time": 0.005535,
  "qps": 180.6685,
  "score": 4.795258637428284,
  "normalized_metrics": {
    "create_index_time_s": 4.909104108810425,
    "index_size_mb": 0.0152740478515625,
    "query_time_ms": 5.535,
    "avg_query_time_s": 0.005535,
    "qps": 180.6685,
    "weighted_create_index_time": 1.4727312326431274,
    "weighted_index_size": 0.0015274047851562501,
    "weighted_query_time": 3.321
  }
}