{
  "trial_number": 13,
  "best_query_param": {
    "hnsw_ef_search": 318
  },
  "create_index_time": 1.247929573059082,
  "index_size": 0.0040435791015625,
  "recall": 0.9099,
  "avg_query_time": 0.006251,
  "qps": 159.9744,
  "score": 4.1253832298278805,
  "normalized_metrics": {
    "create_index_time_s": 1.247929573059082,
    "index_size_mb": 0.0040435791015625,
    "query_time_ms": 6.2509999999999994,
    "avg_query_time_s": 0.006251,
    "qps": 159.9744,
    "weighted_create_index_time": 0.3743788719177246,
    "weighted_index_size": 0.00040435791015625,
    "weighted_query_time": 3.7505999999999995
  }
}