{
  "trial_number": 19,
  "best_query_param": {
    "hnsw_ef_search": 100
  },
  "create_index_time": 1.0267560482025146,
  "index_size": 0.00702667236328125,
  "recall": 0.9905,
  "avg_query_time": 0.005257,
  "qps": 190.2226,
  "score": 3.462929481697083,
  "normalized_metrics": {
    "create_index_time_s": 1.0267560482025146,
    "index_size_mb": 0.00702667236328125,
    "query_time_ms": 5.257000000000001,
    "avg_query_time_s": 0.005257,
    "qps": 190.2226,
    "weighted_create_index_time": 0.30802681446075436,
    "weighted_index_size": 0.0007026672363281251,
    "weighted_query_time": 3.1542000000000003
  }
}