{
  "trial_number": 3,
  "best_query_param": {
    "hnsw_ef_search": 100
  },
  "create_index_time": 3.291356086730957,
  "index_size": 0.00955963134765625,
  "recall": 0.9775,
  "avg_query_time": 0.006335,
  "qps": 157.8532,
  "score": 4.789362789154053,
  "normalized_metrics": {
    "create_index_time_s": 3.291356086730957,
    "index_size_mb": 0.00955963134765625,
    "query_time_ms": 6.335,
    "avg_query_time_s": 0.006335,
    "qps": 157.8532,
    "weighted_create_index_time": 0.9874068260192871,
    "weighted_index_size": 0.0009559631347656251,
    "weighted_query_time": 3.8009999999999997
  }
}