{
  "trial_number": 11,
  "best_query_param": {
    "hnsw_ef_search": 110
  },
  "create_index_time": 0.5134172439575195,
  "index_size": 0.003753662109375,
  "recall": 0.906,
  "avg_query_time": 0.004137,
  "qps": 241.7211,
  "score": 2.6366005393981937,
  "normalized_metrics": {
    "create_index_time_s": 0.5134172439575195,
    "index_size_mb": 0.003753662109375,
    "query_time_ms": 4.1370000000000005,
    "avg_query_time_s": 0.004137,
    "qps": 241.7211,
    "weighted_create_index_time": 0.15402517318725586,
    "weighted_index_size": 0.0003753662109375,
    "weighted_query_time": 2.4822
  }
}