{
  "trial_number": 9,
  "best_query_param": {
    "hnsw_ef_search": 100
  },
  "create_index_time": 5.906359672546387,
  "index_size": 0.01946258544921875,
  "recall": 0.9995,
  "avg_query_time": 0.009177,
  "qps": 108.9681,
  "score": 7.280054160308838,
  "normalized_metrics": {
    "create_index_time_s": 5.906359672546387,
    "index_size_mb": 0.01946258544921875,
    "query_time_ms": 9.177,
    "avg_query_time_s": 0.009177,
    "qps": 108.9681,
    "weighted_create_index_time": 1.7719079017639159,
    "weighted_index_size": 0.0019462585449218752,
    "weighted_query_time": 5.5062
  }
}