{
  "trial_number": 14,
  "best_query_param": {
    "hnsw_ef_search": 111
  },
  "create_index_time": 0.49447083473205566,
  "index_size": 0.0037384033203125,
  "recall": 0.9049,
  "avg_query_time": 0.00396,
  "qps": 252.5253,
  "score": 2.524715090751648,
  "normalized_metrics": {
    "create_index_time_s": 0.49447083473205566,
    "index_size_mb": 0.0037384033203125,
    "query_time_ms": 3.96,
    "avg_query_time_s": 0.00396,
    "qps": 252.5253,
    "weighted_create_index_time": 0.14834125041961668,
    "weighted_index_size": 0.00037384033203125,
    "weighted_query_time": 2.376
  }
}