{
  "trial_number": 6,
  "best_query_param": {
    "hnsw_ef_search": 100
  },
  "create_index_time": 1.8637981414794922,
  "index_size": 0.0059967041015625,
  "recall": 0.9078,
  "avg_query_time": 0.005478,
  "qps": 182.5484,
  "score": 3.8465391128540043,
  "normalized_metrics": {
    "create_index_time_s": 1.8637981414794922,
    "index_size_mb": 0.0059967041015625,
    "query_time_ms": 5.478000000000001,
    "avg_query_time_s": 0.005478,
    "qps": 182.5484,
    "weighted_create_index_time": 0.5591394424438476,
    "weighted_index_size": 0.0005996704101562501,
    "weighted_query_time": 3.2868000000000004
  }
}