{
  "trial_number": 13,
  "best_query_param": {
    "hnsw_ef_search": 100
  },
  "create_index_time": 1.8247580528259277,
  "index_size": 0.01096343994140625,
  "recall": 0.9984,
  "avg_query_time": 0.006614,
  "qps": 151.1944,
  "score": 4.5169237598419185,
  "normalized_metrics": {
    "create_index_time_s": 1.8247580528259277,
    "index_size_mb": 0.01096343994140625,
    "query_time_ms": 6.614,
    "avg_query_time_s": 0.006614,
    "qps": 151.1944,
    "weighted_create_index_time": 0.5474274158477783,
    "weighted_index_size": 0.0010963439941406251,
    "weighted_query_time": 3.9684
  }
}