{
  "trial_number": 8,
  "best_query_param": {
    "hnsw_ef_search": 113
  },
  "create_index_time": 1.6134898662567139,
  "index_size": 0.00537109375,
  "recall": 0.9043,
  "avg_query_time": 0.005253,
  "qps": 190.3674,
  "score": 3.6363840692520144,
  "normalized_metrics": {
    "create_index_time_s": 1.6134898662567139,
    "index_size_mb": 0.00537109375,
    "query_time_ms": 5.253,
    "avg_query_time_s": 0.005253,
    "qps": 190.3674,
    "weighted_create_index_time": 0.4840469598770141,
    "weighted_index_size": 0.000537109375,
    "weighted_query_time": 3.1518
  }
}