{
  "trial_number": 4,
  "best_query_param": {
    "hnsw_ef_search": 110
  },
  "create_index_time": 1.066990852355957,
  "index_size": 0.0050201416015625,
  "recall": 0.9071,
  "avg_query_time": 0.004975,
  "qps": 201.005,
  "score": 3.305599269866944,
  "normalized_metrics": {
    "create_index_time_s": 1.066990852355957,
    "index_size_mb": 0.0050201416015625,
    "query_time_ms": 4.9750000000000005,
    "avg_query_time_s": 0.004975,
    "qps": 201.005,
    "weighted_create_index_time": 0.3200972557067871,
    "weighted_index_size": 0.00050201416015625,
    "weighted_query_time": 2.9850000000000003
  }
}