{
  "trial_number": 1,
  "best_query_param": {
    "hnsw_ef_search": 100
  },
  "create_index_time": 2.412383794784546,
  "index_size": 0.01564788818359375,
  "recall": 0.9992,
  "avg_query_time": 0.006567,
  "qps": 152.2765,
  "score": 4.665479927253723,
  "normalized_metrics": {
    "create_index_time_s": 2.412383794784546,
    "index_size_mb": 0.01564788818359375,
    "query_time_ms": 6.567,
    "avg_query_time_s": 0.006567,
    "qps": 152.2765,
    "weighted_create_index_time": 0.7237151384353637,
    "weighted_index_size": 0.0015647888183593752,
    "weighted_query_time": 3.9402
  }
}