{
  "trial_number": 12,
  "best_query_param": {
    "hnsw_ef_search": 113
  },
  "create_index_time": 0.5117206573486328,
  "index_size": 0.00373077392578125,
  "recall": 0.9044,
  "avg_query_time": 0.003992,
  "qps": 250.501,
  "score": 2.549089274597168,
  "normalized_metrics": {
    "create_index_time_s": 0.5117206573486328,
    "index_size_mb": 0.00373077392578125,
    "query_time_ms": 3.992,
    "avg_query_time_s": 0.003992,
    "qps": 250.501,
    "weighted_create_index_time": 0.15351619720458984,
    "weighted_index_size": 0.00037307739257812504,
    "weighted_query_time": 2.3952
  }
}