{
  "trial_number": 18,
  "best_query_param": {
    "hnsw_ef_search": 100
  },
  "create_index_time": 2.823479175567627,
  "index_size": 0.01125335693359375,
  "recall": 0.9982,
  "avg_query_time": 0.007028,
  "qps": 142.288,
  "score": 5.064969088363648,
  "normalized_metrics": {
    "create_index_time_s": 2.823479175567627,
    "index_size_mb": 0.01125335693359375,
    "query_time_ms": 7.0280000000000005,
    "avg_query_time_s": 0.007028,
    "qps": 142.288,
    "weighted_create_index_time": 0.8470437526702881,
    "weighted_index_size": 0.001125335693359375,
    "weighted_query_time": 4.2168
  }
}