{
  "trial_number": 5,
  "index_param": {
    "ivf_nlist": 134
  },
  "best_query_param": {
    "ivf_probes": 20
  },
  "create_index_time": 1.0700082778930664,
  "index_size": 0.00344085693359375,
  "recall": 0.9185,
  "avg_query_time": 0.007847819328308105,
  "qps": 127.42393245380534,
  "score": 76.77570604134448
}