{
  "trial_number": 16,
  "index_param": {
    "ivf_nlist": 193
  },
  "best_query_param": {
    "ivf_probes": 25
  },
  "create_index_time": 1.4426145553588867,
  "index_size": 0.00372314453125,
  "recall": 0.9155999999999999,
  "avg_query_time": 0.007491335868835449,
  "qps": 133.4875404746007,
  "score": 80.52568096582121
}