{
  "trial_number": 14,
  "index_param": {
    "ivf_nlist": 170
  },
  "best_query_param": {
    "ivf_probes": 25
  },
  "create_index_time": 1.3962969779968262,
  "index_size": 0.00362396240234375,
  "recall": 0.9242,
  "avg_query_time": 0.0077818560600280764,
  "qps": 128.50404740027946,
  "score": 77.52167992980695
}