{
  "trial_number": 13,
  "index_param": {
    "ivf_nlist": 54
  },
  "best_query_param": {
    "ivf_probes": 10
  },
  "create_index_time": 0.768669843673706,
  "index_size": 0.00312042236328125,
  "recall": 0.9123,
  "avg_query_time": 0.009172728061676025,
  "qps": 109.01882114853427,
  "score": 65.642205684459
}