{
  "trial_number": 12,
  "index_param": {
    "ivf_nlist": 61
  },
  "best_query_param": {
    "ivf_probes": 10
  },
  "create_index_time": 0.8845582008361816,
  "index_size": 0.003173828125,
  "recall": 0.9025,
  "avg_query_time": 0.008283970355987548,
  "qps": 120.71506258797905,
  "score": 72.69472239585077
}