{
  "trial_number": 4,
  "index_param": {
    "ivf_nlist": 251
  },
  "best_query_param": {
    "ivf_probes": 31
  },
  "create_index_time": 1.4383206367492676,
  "index_size": 0.00402069091796875,
  "recall": 0.9109999999999999,
  "avg_query_time": 0.006983425617218018,
  "qps": 143.19619837210627,
  "score": 86.34961728338034
}