{
  "trial_number": 18,
  "index_param": {
    "ivf_nlist": 58
  },
  "best_query_param": {
    "ivf_probes": 10
  },
  "create_index_time": 0.9442710876464844,
  "index_size": 0.0031280517578125,
  "recall": 0.9096999999999998,
  "avg_query_time": 0.009154684543609619,
  "qps": 109.23369289639204,
  "score": 65.82380986930495
}