{
  "trial_number": 8,
  "index_param": {
    "ivf_nlist": 94
  },
  "best_query_param": {
    "ivf_probes": 15
  },
  "create_index_time": 0.8750097751617432,
  "index_size": 0.0032958984375,
  "recall": 0.9111,
  "avg_query_time": 0.008494927883148193,
  "qps": 117.7173030490052,
  "score": 70.8932143517954
}