{
  "trial_number": 10,
  "index_param": {
    "ivf_nlist": 57
  },
  "best_query_param": {
    "ivf_probes": 10
  },
  "create_index_time": 0.7165546417236328,
  "index_size": 0.00313568115234375,
  "recall": 0.9059999999999998,
  "avg_query_time": 0.009394361972808837,
  "qps": 106.44682447774665,
  "score": 64.08337464728031
}