{
  "trial_number": 11,
  "index_param": {
    "ivf_nlist": 54
  },
  "best_query_param": {
    "ivf_probes": 10
  },
  "create_index_time": 0.8492798805236816,
  "index_size": 0.00313568115234375,
  "recall": 0.9213,
  "avg_query_time": 0.009079742431640624,
  "qps": 110.1352827493488,
  "score": 66.33626718188162
}