{
  "trial_number": 0,
  "index_param": {
    "ivf_nlist": 100
  },
  "best_query_param": {
    "ivf_probes": 16
  },
  "create_index_time": 0.9107279777526855,
  "index_size": 0.00331878662109375,
  "recall": 0.9217,
  "avg_query_time": 0.008086326122283936,
  "qps": 123.66555403253459,
  "score": 74.47288269150866
}