{
  "trial_number": 15,
  "index_param": {
    "ivf_nlist": 102
  },
  "best_query_param": {
    "ivf_probes": 17
  },
  "create_index_time": 1.0696988105773926,
  "index_size": 0.0033721923828125,
  "recall": 0.9224000000000001,
  "avg_query_time": 0.008596212863922119,
  "qps": 116.33029751938213,
  "score": 70.11942537404077
}