{
  "trial_number": 8,
  "best_query_param": {
    "hnsw_ef_search": 100
  },
  "create_index_time": 3.6838440895080566,
  "index_size": 0.01910400390625,
  "recall": 0.9995,
  "avg_query_time": 0.006802,
  "qps": 147.0156,
  "score": 5.188263627243042,
  "normalized_metrics": {
    "create_index_time_s": 3.6838440895080566,
    "index_size_mb": 0.01910400390625,
    "query_time_ms": 6.802,
    "avg_query_time_s": 0.006802,
    "qps": 147.0156,
    "weighted_create_index_time": 1.105153226852417,
    "weighted_index_size": 0.001910400390625,
    "weighted_query_time": 4.0812
  }
}