{
  "trial_number": 2,
  "best_query_param": {
    "hnsw_ef_search": 100
  },
  "create_index_time": 2.0087623596191406,
  "index_size": 0.0063934326171875,
  "recall": 0.9062,
  "avg_query_time": 0.004725,
  "qps": 211.6402,
  "score": 3.4382680511474604,
  "normalized_metrics": {
    "create_index_time_s": 2.0087623596191406,
    "index_size_mb": 0.0063934326171875,
    "query_time_ms": 4.725,
    "avg_query_time_s": 0.004725,
    "qps": 211.6402,
    "weighted_create_index_time": 0.6026287078857422,
    "weighted_index_size": 0.0006393432617187501,
    "weighted_query_time": 2.8349999999999995
  }
}