{
  "trial_number": 13,
  "best_query_param": {
    "hnsw_ef_search": 100
  },
  "create_index_time": 2.555396795272827,
  "index_size": 0.010955810546875,
  "recall": 0.9981,
  "avg_query_time": 0.006353,
  "qps": 157.4059,
  "score": 4.5795146196365355,
  "normalized_metrics": {
    "create_index_time_s": 2.555396795272827,
    "index_size_mb": 0.010955810546875,
    "query_time_ms": 6.353,
    "avg_query_time_s": 0.006353,
    "qps": 157.4059,
    "weighted_create_index_time": 0.7666190385818481,
    "weighted_index_size": 0.0010955810546875,
    "weighted_query_time": 3.8118
  }
}