{
  "trial_number": 19,
  "best_query_param": {
    "hnsw_ef_search": 100
  },
  "create_index_time": 2.434248685836792,
  "index_size": 0.01306915283203125,
  "recall": 0.9988,
  "avg_query_time": 0.006556,
  "qps": 152.532,
  "score": 4.66518152103424,
  "normalized_metrics": {
    "create_index_time_s": 2.434248685836792,
    "index_size_mb": 0.01306915283203125,
    "query_time_ms": 6.556,
    "avg_query_time_s": 0.006556,
    "qps": 152.532,
    "weighted_create_index_time": 0.7302746057510375,
    "weighted_index_size": 0.001306915283203125,
    "weighted_query_time": 3.9335999999999998
  }
}