{
  "trial_number": 7,
  "best_query_param": {
    "hnsw_ef_search": 100
  },
  "create_index_time": 7.651343584060669,
  "index_size": 0.015655517578125,
  "recall": 0.9982,
  "avg_query_time": 0.007813,
  "qps": 127.9918,
  "score": 6.984768626976013,
  "normalized_metrics": {
    "create_index_time_s": 7.651343584060669,
    "index_size_mb": 0.015655517578125,
    "query_time_ms": 7.813000000000001,
    "avg_query_time_s": 0.007813,
    "qps": 127.9918,
    "weighted_create_index_time": 2.2954030752182004,
    "weighted_index_size": 0.0015655517578125001,
    "weighted_query_time": 4.6878
  }
}