{
  "trial_number": 14,
  "best_query_param": {
    "hnsw_ef_search": 800
  },
  "create_index_time": 2.181109666824341,
  "index_size": 0.0034332275390625,
  "recall": 0.907,
  "avg_query_time": 0.01391,
  "qps": 71.8907,
  "score": 9.000676222801209,
  "normalized_metrics": {
    "create_index_time_s": 2.181109666824341,
    "index_size_mb": 0.0034332275390625,
    "query_time_ms": 13.91,
    "avg_query_time_s": 0.01391,
    "qps": 71.8907,
    "weighted_create_index_time": 0.6543329000473023,
    "weighted_index_size": 0.00034332275390625,
    "weighted_query_time": 8.346
  }
}