{
  "trial_number": 3,
  "best_query_param": {
    "hnsw_ef_search": 117
  },
  "create_index_time": 2.223148822784424,
  "index_size": 0.00640106201171875,
  "recall": 0.9016,
  "avg_query_time": 0.005151,
  "qps": 194.1371,
  "score": 3.758184753036499,
  "normalized_metrics": {
    "create_index_time_s": 2.223148822784424,
    "index_size_mb": 0.00640106201171875,
    "query_time_ms": 5.151,
    "avg_query_time_s": 0.005151,
    "qps": 194.1371,
    "weighted_create_index_time": 0.6669446468353272,
    "weighted_index_size": 0.000640106201171875,
    "weighted_query_time": 3.0906
  }
}