{
  "trial_number": 11,
  "best_query_param": {
    "hnsw_ef_search": 156
  },
  "create_index_time": 0.4747598171234131,
  "index_size": 0.0034332275390625,
  "recall": 0.9091,
  "avg_query_time": 0.004123,
  "qps": 242.5418,
  "score": 2.6165712678909303,
  "normalized_metrics": {
    "create_index_time_s": 0.4747598171234131,
    "index_size_mb": 0.0034332275390625,
    "query_time_ms": 4.123,
    "avg_query_time_s": 0.004123,
    "qps": 242.5418,
    "weighted_create_index_time": 0.14242794513702392,
    "weighted_index_size": 0.00034332275390625,
    "weighted_query_time": 2.4738
  }
}