{
  "trial_number": 10,
  "best_query_param": {
    "hnsw_ef_search": 100
  },
  "create_index_time": 1.2829937934875488,
  "index_size": 0.00989532470703125,
  "recall": 0.9977,
  "avg_query_time": 0.00516,
  "qps": 193.7984,
  "score": 3.4818876705169672,
  "normalized_metrics": {
    "create_index_time_s": 1.2829937934875488,
    "index_size_mb": 0.00989532470703125,
    "query_time_ms": 5.159999999999999,
    "avg_query_time_s": 0.00516,
    "qps": 193.7984,
    "weighted_create_index_time": 0.38489813804626466,
    "weighted_index_size": 0.0009895324707031251,
    "weighted_query_time": 3.0959999999999996
  }
}