{
  "trial_number": 15,
  "best_query_param": {
    "hnsw_ef_search": 100
  },
  "create_index_time": 1.0833628177642822,
  "index_size": 0.00955963134765625,
  "recall": 0.997,
  "avg_query_time": 0.005052,
  "qps": 197.9414,
  "score": 3.3571648084640504,
  "normalized_metrics": {
    "create_index_time_s": 1.0833628177642822,
    "index_size_mb": 0.00955963134765625,
    "query_time_ms": 5.0520000000000005,
    "avg_query_time_s": 0.005052,
    "qps": 197.9414,
    "weighted_create_index_time": 0.32500884532928465,
    "weighted_index_size": 0.0009559631347656251,
    "weighted_query_time": 3.0312
  }
}