{
  "trial_number": 14,
  "best_query_param": {
    "hnsw_ef_search": 521
  },
  "create_index_time": 1.8968658447265625,
  "index_size": 0.00598907470703125,
  "recall": 0.9908,
  "avg_query_time": 0.014823,
  "qps": 67.4627,
  "score": 9.463458660888671,
  "normalized_metrics": {
    "create_index_time_s": 1.8968658447265625,
    "index_size_mb": 0.00598907470703125,
    "query_time_ms": 14.822999999999999,
    "avg_query_time_s": 0.014823,
    "qps": 67.4627,
    "weighted_create_index_time": 0.5690597534179688,
    "weighted_index_size": 0.000598907470703125,
    "weighted_query_time": 8.893799999999999
  }
}