{
  "trial_number": 12,
  "best_query_param": {
    "hnsw_ef_search": 100
  },
  "create_index_time": 0.8268885612487793,
  "index_size": 0.007720947265625,
  "recall": 0.996,
  "avg_query_time": 0.005338,
  "qps": 187.3361,
  "score": 3.451638663101196,
  "normalized_metrics": {
    "create_index_time_s": 0.8268885612487793,
    "index_size_mb": 0.007720947265625,
    "query_time_ms": 5.338,
    "avg_query_time_s": 0.005338,
    "qps": 187.3361,
    "weighted_create_index_time": 0.24806656837463378,
    "weighted_index_size": 0.0007720947265625,
    "weighted_query_time": 3.2028
  }
}