{
  "trial_number": 11,
  "best_query_param": {
    "hnsw_ef_search": 100
  },
  "create_index_time": 0.764087438583374,
  "index_size": 0.00665283203125,
  "recall": 0.9937,
  "avg_query_time": 0.005175,
  "qps": 193.2367,
  "score": 3.3348915147781373,
  "normalized_metrics": {
    "create_index_time_s": 0.764087438583374,
    "index_size_mb": 0.00665283203125,
    "query_time_ms": 5.175,
    "avg_query_time_s": 0.005175,
    "qps": 193.2367,
    "weighted_create_index_time": 0.2292262315750122,
    "weighted_index_size": 0.000665283203125,
    "weighted_query_time": 3.105
  }
}