{
  "trial_number": 19,
  "best_query_param": {
    "hnsw_ef_search": 100
  },
  "create_index_time": 1.6627836227416992,
  "index_size": 0.009552001953125,
  "recall": 0.998,
  "avg_query_time": 0.00627,
  "qps": 159.4896,
  "score": 4.261790287017822,
  "normalized_metrics": {
    "create_index_time_s": 1.6627836227416992,
    "index_size_mb": 0.009552001953125,
    "query_time_ms": 6.2700000000000005,
    "avg_query_time_s": 0.00627,
    "qps": 159.4896,
    "weighted_create_index_time": 0.49883508682250977,
    "weighted_index_size": 0.0009552001953125,
    "weighted_query_time": 3.762
  }
}