{
  "trial_number": 3,
  "best_query_param": {
    "hnsw_ef_search": 100
  },
  "create_index_time": 2.853557825088501,
  "index_size": 0.0152740478515625,
  "recall": 0.999,
  "avg_query_time": 0.00739,
  "qps": 135.318,
  "score": 5.291594752311706,
  "normalized_metrics": {
    "create_index_time_s": 2.853557825088501,
    "index_size_mb": 0.0152740478515625,
    "query_time_ms": 7.39,
    "avg_query_time_s": 0.00739,
    "qps": 135.318,
    "weighted_create_index_time": 0.8560673475265502,
    "weighted_index_size": 0.0015274047851562501,
    "weighted_query_time": 4.433999999999999
  }
}