{
  "trial_number": 16,
  "best_query_param": {
    "hnsw_ef_search": 100
  },
  "create_index_time": 0.9981253147125244,
  "index_size": 0.00704193115234375,
  "recall": 0.9957,
  "avg_query_time": 0.005586,
  "qps": 179.019,
  "score": 3.6517417875289913,
  "normalized_metrics": {
    "create_index_time_s": 0.9981253147125244,
    "index_size_mb": 0.00704193115234375,
    "query_time_ms": 5.585999999999999,
    "avg_query_time_s": 0.005586,
    "qps": 179.019,
    "weighted_create_index_time": 0.29943759441375734,
    "weighted_index_size": 0.0007041931152343751,
    "weighted_query_time": 3.3515999999999995
  }
}