{
  "trial_number": 13,
  "best_query_param": {
    "hnsw_ef_search": 100
  },
  "create_index_time": 0.9284169673919678,
  "index_size": 0.00850677490234375,
  "recall": 0.9969,
  "avg_query_time": 0.00558,
  "qps": 179.2115,
  "score": 3.6273757677078247,
  "normalized_metrics": {
    "create_index_time_s": 0.9284169673919678,
    "index_size_mb": 0.00850677490234375,
    "query_time_ms": 5.58,
    "avg_query_time_s": 0.00558,
    "qps": 179.2115,
    "weighted_create_index_time": 0.2785250902175903,
    "weighted_index_size": 0.000850677490234375,
    "weighted_query_time": 3.348
  }
}