{
  "trial_number": 2,
  "best_query_param": {
    "hnsw_ef_search": 199
  },
  "create_index_time": 4.053513050079346,
  "index_size": 0.0095977783203125,
  "recall": 0.9922,
  "avg_query_time": 0.009702,
  "qps": 103.0715,
  "score": 7.038213692855835,
  "normalized_metrics": {
    "create_index_time_s": 4.053513050079346,
    "index_size_mb": 0.0095977783203125,
    "query_time_ms": 9.702,
    "avg_query_time_s": 0.009702,
    "qps": 103.0715,
    "weighted_create_index_time": 1.2160539150238037,
    "weighted_index_size": 0.0009597778320312501,
    "weighted_query_time": 5.8212
  }
}