{
  "trial_number": 7,
  "best_query_param": {
    "hnsw_ef_search": 248
  },
  "create_index_time": 4.795706748962402,
  "index_size": 0.00988006591796875,
  "recall": 0.9909,
  "avg_query_time": 0.011956,
  "qps": 83.64,
  "score": 8.613300031280517,
  "normalized_metrics": {
    "create_index_time_s": 4.795706748962402,
    "index_size_mb": 0.00988006591796875,
    "query_time_ms": 11.956,
    "avg_query_time_s": 0.011956,
    "qps": 83.64,
    "weighted_create_index_time": 1.4387120246887206,
    "weighted_index_size": 0.000988006591796875,
    "weighted_query_time": 7.1735999999999995
  }
}