{
  "trial_number": 1,
  "best_query_param": {
    "hnsw_ef_search": 100
  },
  "create_index_time": 7.325296878814697,
  "index_size": 0.0156097412109375,
  "recall": 0.9989,
  "avg_query_time": 0.009353,
  "qps": 106.9176,
  "score": 7.810950037765503,
  "normalized_metrics": {
    "create_index_time_s": 7.325296878814697,
    "index_size_mb": 0.0156097412109375,
    "query_time_ms": 9.353,
    "avg_query_time_s": 0.009353,
    "qps": 106.9176,
    "weighted_create_index_time": 2.197589063644409,
    "weighted_index_size": 0.0015609741210937502,
    "weighted_query_time": 5.6118
  }
}