{
  "trial_number": 0,
  "best_query_param": {
    "hnsw_ef_search": 212
  },
  "create_index_time": 1.018714189529419,
  "index_size": 0.00598907470703125,
  "recall": 0.9913,
  "avg_query_time": 0.007355,
  "qps": 135.9619,
  "score": 4.719213164329529,
  "normalized_metrics": {
    "create_index_time_s": 1.018714189529419,
    "index_size_mb": 0.00598907470703125,
    "query_time_ms": 7.355,
    "avg_query_time_s": 0.007355,
    "qps": 135.9619,
    "weighted_create_index_time": 0.30561425685882565,
    "weighted_index_size": 0.000598907470703125,
    "weighted_query_time": 4.413
  }
}