{
  "trial_number": 18,
  "best_query_param": {
    "hnsw_ef_search": 100
  },
  "create_index_time": 5.543138742446899,
  "index_size": 0.01947021484375,
  "recall": 0.9998,
  "avg_query_time": 0.009993,
  "qps": 100.07,
  "score": 7.660688644218445,
  "normalized_metrics": {
    "create_index_time_s": 5.543138742446899,
    "index_size_mb": 0.01947021484375,
    "query_time_ms": 9.993,
    "avg_query_time_s": 0.009993,
    "qps": 100.07,
    "weighted_create_index_time": 1.6629416227340699,
    "weighted_index_size": 0.0019470214843750001,
    "weighted_query_time": 5.9958
  }
}