{
  "trial_number": 1,
  "index_param": {
    "ivf_nlist": 329
  },
  "best_query_param": {
    "ivf_probes": 40
  },
  "create_index_time": 2.1539032459259033,
  "index_size": 0.004302978515625,
  "recall": 0.9221,
  "avg_query_time": 0.007027130126953125,
  "qps": 142.30560441230756,
  "score": 4.862879347801209,
  "normalized_metrics": {
    "create_index_time_s": 2.1539032459259033,
    "index_size_mb": 0.004302978515625,
    "query_time_ms": 7.027130126953125,
    "avg_query_time_s": 0.007027130126953125,
    "qps": 142.30560441230756,
    "weighted_create_index_time": 0.646170973777771,
    "weighted_index_size": 0.00043029785156250004,
    "weighted_query_time": 4.216278076171875
  }
}