{
  "trial_number": 13,
  "index_param": {
    "ivf_nlist": 399
  },
  "best_query_param": {
    "ivf_probes": 40
  },
  "create_index_time": 2.1580255031585693,
  "index_size": 0.00450897216796875,
  "recall": 0.9067000000000001,
  "avg_query_time": 0.006790552139282226,
  "qps": 147.26343005529176,
  "score": 4.722189831733703,
  "normalized_metrics": {
    "create_index_time_s": 2.1580255031585693,
    "index_size_mb": 0.00450897216796875,
    "query_time_ms": 6.790552139282227,
    "avg_query_time_s": 0.006790552139282226,
    "qps": 147.26343005529176,
    "weighted_create_index_time": 0.6474076509475708,
    "weighted_index_size": 0.000450897216796875,
    "weighted_query_time": 4.074331283569336
  }
}