{
  "trial_number": 17,
  "index_param": {
    "ivf_nlist": 374
  },
  "best_query_param": {
    "ivf_probes": 40
  },
  "create_index_time": 1.9558212757110596,
  "index_size": 0.00446319580078125,
  "recall": 0.9117000000000001,
  "avg_query_time": 0.006530413627624512,
  "qps": 153.1296571736081,
  "score": 4.505440878868103,
  "normalized_metrics": {
    "create_index_time_s": 1.9558212757110596,
    "index_size_mb": 0.00446319580078125,
    "query_time_ms": 6.530413627624512,
    "avg_query_time_s": 0.006530413627624512,
    "qps": 153.1296571736081,
    "weighted_create_index_time": 0.5867463827133178,
    "weighted_index_size": 0.000446319580078125,
    "weighted_query_time": 3.918248176574707
  }
}