{
  "trial_number": 2,
  "index_param": {
    "ivf_nlist": 349
  },
  "best_query_param": {
    "ivf_probes": 40
  },
  "create_index_time": 1.923346996307373,
  "index_size": 0.0043487548828125,
  "recall": 0.9164999999999999,
  "avg_query_time": 0.006652474403381348,
  "qps": 150.3200071678165,
  "score": 4.568923616409302,
  "normalized_metrics": {
    "create_index_time_s": 1.923346996307373,
    "index_size_mb": 0.0043487548828125,
    "query_time_ms": 6.652474403381348,
    "avg_query_time_s": 0.006652474403381348,
    "qps": 150.3200071678165,
    "weighted_create_index_time": 0.5770040988922119,
    "weighted_index_size": 0.00043487548828125,
    "weighted_query_time": 3.9914846420288086
  }
}