{
  "trial_number": 5,
  "index_param": {
    "ivf_nlist": 344
  },
  "best_query_param": {
    "ivf_probes": 40
  },
  "create_index_time": 2.0589590072631836,
  "index_size": 0.0042724609375,
  "recall": 0.922,
  "avg_query_time": 0.006900532245635986,
  "qps": 144.91635781173503,
  "score": 4.758434295654297,
  "normalized_metrics": {
    "create_index_time_s": 2.0589590072631836,
    "index_size_mb": 0.0042724609375,
    "query_time_ms": 6.900532245635986,
    "avg_query_time_s": 0.006900532245635986,
    "qps": 144.91635781173503,
    "weighted_create_index_time": 0.6176877021789551,
    "weighted_index_size": 0.00042724609375,
    "weighted_query_time": 4.140319347381592
  }
}