{
  "trial_number": 10,
  "index_param": {
    "ivf_nlist": 253
  },
  "best_query_param": {
    "ivf_probes": 33
  },
  "create_index_time": 1.6595430374145508,
  "index_size": 0.00395965576171875,
  "recall": 0.9240999999999999,
  "avg_query_time": 0.007258889675140381,
  "qps": 137.76211579915778,
  "score": 4.8535926818847654,
  "normalized_metrics": {
    "create_index_time_s": 1.6595430374145508,
    "index_size_mb": 0.00395965576171875,
    "query_time_ms": 7.258889675140381,
    "avg_query_time_s": 0.007258889675140381,
    "qps": 137.76211579915778,
    "weighted_create_index_time": 0.4978629112243652,
    "weighted_index_size": 0.00039596557617187504,
    "weighted_query_time": 4.3553338050842285
  }
}