{
  "trial_number": 14,
  "index_param": {
    "ivf_nlist": 270
  },
  "best_query_param": {
    "ivf_probes": 33
  },
  "create_index_time": 1.7003204822540283,
  "index_size": 0.00411224365234375,
  "recall": 0.9177,
  "avg_query_time": 0.006918079853057861,
  "qps": 144.54877960941573,
  "score": 4.66135528087616,
  "normalized_metrics": {
    "create_index_time_s": 1.7003204822540283,
    "index_size_mb": 0.00411224365234375,
    "query_time_ms": 6.918079853057861,
    "avg_query_time_s": 0.006918079853057861,
    "qps": 144.54877960941573,
    "weighted_create_index_time": 0.5100961446762085,
    "weighted_index_size": 0.00041122436523437504,
    "weighted_query_time": 4.150847911834717
  }
}