{
  "trial_number": 11,
  "index_param": {
    "ivf_nlist": 366
  },
  "best_query_param": {
    "ivf_probes": 40
  },
  "create_index_time": 1.9320580959320068,
  "index_size": 0.0044097900390625,
  "recall": 0.9144,
  "avg_query_time": 0.006508040428161621,
  "qps": 153.65608296973627,
  "score": 4.484882664680481,
  "normalized_metrics": {
    "create_index_time_s": 1.9320580959320068,
    "index_size_mb": 0.0044097900390625,
    "query_time_ms": 6.508040428161621,
    "avg_query_time_s": 0.006508040428161621,
    "qps": 153.65608296973627,
    "weighted_create_index_time": 0.579617428779602,
    "weighted_index_size": 0.00044097900390625003,
    "weighted_query_time": 3.9048242568969727
  }
}