{
  "trial_number": 9,
  "index_param": {
    "ivf_nlist": 68
  },
  "best_query_param": {
    "ivf_probes": 15
  },
  "create_index_time": 0.8761262893676758,
  "index_size": 0.0032196044921875,
  "recall": 0.9513999999999999,
  "avg_query_time": 0.01050130844116211,
  "qps": 95.22622876976811,
  "score": 6.563944911956787,
  "normalized_metrics": {
    "create_index_time_s": 0.8761262893676758,
    "index_size_mb": 0.0032196044921875,
    "query_time_ms": 10.50130844116211,
    "avg_query_time_s": 0.01050130844116211,
    "qps": 95.22622876976811,
    "weighted_create_index_time": 0.26283788681030273,
    "weighted_index_size": 0.00032196044921875,
    "weighted_query_time": 6.300785064697266
  }
}