{
  "trial_number": 12,
  "index_param": {
    "ivf_nlist": 399
  },
  "best_query_param": {
    "ivf_probes": 40
  },
  "create_index_time": 2.2291762828826904,
  "index_size": 0.00455474853515625,
  "recall": 0.9037000000000001,
  "avg_query_time": 0.006158416271209717,
  "qps": 162.3794098938958,
  "score": 4.364258122444153,
  "normalized_metrics": {
    "create_index_time_s": 2.2291762828826904,
    "index_size_mb": 0.00455474853515625,
    "query_time_ms": 6.158416271209717,
    "avg_query_time_s": 0.006158416271209717,
    "qps": 162.3794098938958,
    "weighted_create_index_time": 0.6687528848648071,
    "weighted_index_size": 0.000455474853515625,
    "weighted_query_time": 3.69504976272583
  }
}