{
  "trial_number": 7,
  "index_param": {
    "ivf_nlist": 85
  },
  "best_query_param": {
    "ivf_probes": 15
  },
  "create_index_time": 0.8627161979675293,
  "index_size": 0.00325775146484375,
  "recall": 0.9193000000000001,
  "avg_query_time": 0.008699102401733399,
  "qps": 114.9543888345007,
  "score": 5.478602075576783,
  "normalized_metrics": {
    "create_index_time_s": 0.8627161979675293,
    "index_size_mb": 0.00325775146484375,
    "query_time_ms": 8.699102401733398,
    "avg_query_time_s": 0.008699102401733399,
    "qps": 114.9543888345007,
    "weighted_create_index_time": 0.2588148593902588,
    "weighted_index_size": 0.000325775146484375,
    "weighted_query_time": 5.219461441040039
  }
}