{
  "trial_number": 6,
  "index_param": {
    "ivf_nlist": 196
  },
  "best_query_param": {
    "ivf_probes": 25
  },
  "create_index_time": 1.6265270709991455,
  "index_size": 0.0037384033203125,
  "recall": 0.912,
  "avg_query_time": 0.007070732116699219,
  "qps": 141.42807045938875,
  "score": 4.730771231651306,
  "normalized_metrics": {
    "create_index_time_s": 1.6265270709991455,
    "index_size_mb": 0.0037384033203125,
    "query_time_ms": 7.070732116699219,
    "avg_query_time_s": 0.007070732116699219,
    "qps": 141.42807045938875,
    "weighted_create_index_time": 0.48795812129974364,
    "weighted_index_size": 0.00037384033203125,
    "weighted_query_time": 4.242439270019531
  }
}