{
  "trial_number": 5,
  "best_query_param": {
    "hnsw_ef_search": 100
  },
  "create_index_time": 9.264256000518799,
  "index_size": 0.01943206787109375,
  "recall": 0.9997,
  "avg_query_time": 0.005294563770294189,
  "qps": 188.8729729936628,
  "score": 5.9579582691192625,
  "normalized_metrics": {
    "create_index_time_s": 9.264256000518799,
    "index_size_mb": 0.01943206787109375,
    "query_time_ms": 5.2945637702941895,
    "avg_query_time_s": 0.005294563770294189,
    "qps": 188.8729729936628,
    "weighted_create_index_time": 2.7792768001556394,
    "weighted_index_size": 0.0019432067871093751,
    "weighted_query_time": 3.1767382621765137
  }
}