{
  "trial_number": 19,
  "best_query_param": {
    "hnsw_ef_search": 100
  },
  "create_index_time": 0.6511600017547607,
  "index_size": 0.00502777099609375,
  "recall": 0.9742999999999999,
  "avg_query_time": 0.003002803325653076,
  "qps": 333.02214349403357,
  "score": 1.9975327730178833,
  "normalized_metrics": {
    "create_index_time_s": 0.6511600017547607,
    "index_size_mb": 0.00502777099609375,
    "query_time_ms": 3.002803325653076,
    "avg_query_time_s": 0.003002803325653076,
    "qps": 333.02214349403357,
    "weighted_create_index_time": 0.19534800052642823,
    "weighted_index_size": 0.000502777099609375,
    "weighted_query_time": 1.8016819953918457
  }
}