{
  "trial_number": 16,
  "best_query_param": {
    "hnsw_ef_search": 100
  },
  "create_index_time": 2.133054494857788,
  "index_size": 0.0098724365234375,
  "recall": 0.9975999999999999,
  "avg_query_time": 0.0038708877563476563,
  "qps": 258.33867137070945,
  "score": 2.963436245918274,
  "normalized_metrics": {
    "create_index_time_s": 2.133054494857788,
    "index_size_mb": 0.0098724365234375,
    "query_time_ms": 3.8708877563476562,
    "avg_query_time_s": 0.0038708877563476563,
    "qps": 258.33867137070945,
    "weighted_create_index_time": 0.6399163484573364,
    "weighted_index_size": 0.00098724365234375,
    "weighted_query_time": 2.3225326538085938
  }
}