{
  "trial_number": 1,
  "best_query_param": {
    "hnsw_ef_search": 100
  },
  "create_index_time": 3.899045944213867,
  "index_size": 0.01947021484375,
  "recall": 0.9998999999999999,
  "avg_query_time": 0.004218230247497559,
  "qps": 237.06624373888656,
  "score": 3.7025989532470707,
  "normalized_metrics": {
    "create_index_time_s": 3.899045944213867,
    "index_size_mb": 0.01947021484375,
    "query_time_ms": 4.218230247497559,
    "avg_query_time_s": 0.004218230247497559,
    "qps": 237.06624373888656,
    "weighted_create_index_time": 1.1697137832641602,
    "weighted_index_size": 0.0019470214843750001,
    "weighted_query_time": 2.530938148498535
  }
}