{
  "trial_number": 18,
  "best_query_param": {
    "hnsw_ef_search": 100
  },
  "create_index_time": 2.907015323638916,
  "index_size": 0.00726318359375,
  "recall": 0.9167999999999998,
  "avg_query_time": 0.003898937702178955,
  "qps": 256.4801175051198,
  "score": 3.2121935367584227,
  "normalized_metrics": {
    "create_index_time_s": 2.907015323638916,
    "index_size_mb": 0.00726318359375,
    "query_time_ms": 3.898937702178955,
    "avg_query_time_s": 0.003898937702178955,
    "qps": 256.4801175051198,
    "weighted_create_index_time": 0.8721045970916748,
    "weighted_index_size": 0.000726318359375,
    "weighted_query_time": 2.339362621307373
  }
}