{
  "trial_number": 8,
  "best_query_param": {
    "hnsw_ef_search": 100
  },
  "create_index_time": 1.9649999141693115,
  "index_size": 0.0112457275390625,
  "recall": 0.9989,
  "avg_query_time": 0.0036338090896606444,
  "qps": 275.19332340417157,
  "score": 2.7709100008010865,
  "normalized_metrics": {
    "create_index_time_s": 1.9649999141693115,
    "index_size_mb": 0.0112457275390625,
    "query_time_ms": 3.6338090896606445,
    "avg_query_time_s": 0.0036338090896606444,
    "qps": 275.19332340417157,
    "weighted_create_index_time": 0.5894999742507935,
    "weighted_index_size": 0.00112457275390625,
    "weighted_query_time": 2.1802854537963867
  }
}