{
  "trial_number": 0,
  "best_query_param": {
    "hnsw_ef_search": 100
  },
  "create_index_time": 1.0358867645263672,
  "index_size": 0.0059814453125,
  "recall": 0.9708000000000001,
  "avg_query_time": 0.002914459705352783,
  "qps": 343.11676986419485,
  "score": 2.06003999710083,
  "normalized_metrics": {
    "create_index_time_s": 1.0358867645263672,
    "index_size_mb": 0.0059814453125,
    "query_time_ms": 2.914459705352783,
    "avg_query_time_s": 0.002914459705352783,
    "qps": 343.11676986419485,
    "weighted_create_index_time": 0.31076602935791015,
    "weighted_index_size": 0.00059814453125,
    "weighted_query_time": 1.74867582321167
  }
}