{
  "trial_number": 3,
  "best_query_param": {
    "hnsw_ef_search": 100
  },
  "create_index_time": 3.453219175338745,
  "index_size": 0.00855255126953125,
  "recall": 0.9490999999999998,
  "avg_query_time": 0.0036272907257080076,
  "qps": 275.6878551014989,
  "score": 3.2131954431533813,
  "normalized_metrics": {
    "create_index_time_s": 3.453219175338745,
    "index_size_mb": 0.00855255126953125,
    "query_time_ms": 3.627290725708008,
    "avg_query_time_s": 0.0036272907257080076,
    "qps": 275.6878551014989,
    "weighted_create_index_time": 1.0359657526016235,
    "weighted_index_size": 0.0008552551269531251,
    "weighted_query_time": 2.1763744354248047
  }
}