{
  "trial_number": 17,
  "best_query_param": {
    "hnsw_ef_search": 100
  },
  "create_index_time": 4.5219972133636475,
  "index_size": 0.015289306640625,
  "recall": 0.9991000000000001,
  "avg_query_time": 0.004981856346130371,
  "qps": 200.72838928339323,
  "score": 4.34724190235138,
  "normalized_metrics": {
    "create_index_time_s": 4.5219972133636475,
    "index_size_mb": 0.015289306640625,
    "query_time_ms": 4.981856346130371,
    "avg_query_time_s": 0.004981856346130371,
    "qps": 200.72838928339323,
    "weighted_create_index_time": 1.3565991640090942,
    "weighted_index_size": 0.0015289306640625,
    "weighted_query_time": 2.9891138076782227
  }
}