{
  "trial_number": 9,
  "best_query_param": {
    "hnsw_ef_search": 100
  },
  "create_index_time": 1.2000532150268555,
  "index_size": 0.008819580078125,
  "recall": 0.9969000000000001,
  "avg_query_time": 0.0032951903343200685,
  "qps": 303.47260660023164,
  "score": 2.33801212310791,
  "normalized_metrics": {
    "create_index_time_s": 1.2000532150268555,
    "index_size_mb": 0.008819580078125,
    "query_time_ms": 3.2951903343200684,
    "avg_query_time_s": 0.0032951903343200685,
    "qps": 303.47260660023164,
    "weighted_create_index_time": 0.3600159645080566,
    "weighted_index_size": 0.0008819580078125001,
    "weighted_query_time": 1.977114200592041
  }
}