{
  "trial_number": 13,
  "best_query_param": {
    "hnsw_ef_search": 145
  },
  "create_index_time": 2.1905901432037354,
  "index_size": 0.0059967041015625,
  "recall": 0.9108999999999999,
  "avg_query_time": 0.0035963201522827147,
  "qps": 278.0620071784387,
  "score": 2.8155688047409058,
  "normalized_metrics": {
    "create_index_time_s": 2.1905901432037354,
    "index_size_mb": 0.0059967041015625,
    "query_time_ms": 3.596320152282715,
    "avg_query_time_s": 0.0035963201522827147,
    "qps": 278.0620071784387,
    "weighted_create_index_time": 0.6571770429611206,
    "weighted_index_size": 0.0005996704101562501,
    "weighted_query_time": 2.157792091369629
  }
}