{
  "trial_number": 11,
  "best_query_param": {
    "hnsw_ef_search": 100
  },
  "create_index_time": 1.9657580852508545,
  "index_size": 0.007049560546875,
  "recall": 0.9623,
  "avg_query_time": 0.003218355178833008,
  "qps": 310.7177251836465,
  "score": 2.5214454889297486,
  "normalized_metrics": {
    "create_index_time_s": 1.9657580852508545,
    "index_size_mb": 0.007049560546875,
    "query_time_ms": 3.218355178833008,
    "avg_query_time_s": 0.003218355178833008,
    "qps": 310.7177251836465,
    "weighted_create_index_time": 0.5897274255752564,
    "weighted_index_size": 0.0007049560546875,
    "weighted_query_time": 1.9310131072998047
  }
}