{
  "trial_number": 15,
  "best_query_param": {
    "hnsw_ef_search": 170
  },
  "create_index_time": 2.117154836654663,
  "index_size": 0.005584716796875,
  "recall": 0.9145000000000002,
  "avg_query_time": 0.004160995483398437,
  "qps": 240.32710537413595,
  "score": 3.1323022127151487,
  "normalized_metrics": {
    "create_index_time_s": 2.117154836654663,
    "index_size_mb": 0.005584716796875,
    "query_time_ms": 4.1609954833984375,
    "avg_query_time_s": 0.004160995483398437,
    "qps": 240.32710537413595,
    "weighted_create_index_time": 0.6351464509963989,
    "weighted_index_size": 0.0005584716796875,
    "weighted_query_time": 2.4965972900390625
  }
}